<?xml version = '1.0' encoding = 'UTF-8'?>
<Diagram class="oracle.dbtools.crest.swingui.relational.DPVRelational" name="Relational_1" id="B6FEA6D0-D324-C64B-509E-1A214ACC493A">
<createdBy>alvaro</createdBy>
<modifiedBy>alvaro</modifiedBy>
<createdTime>2020-11-20 09:46:42 UTC</createdTime>
<autoRoute>true</autoRoute>
<boxInbox>true</boxInbox>
<showLegend>false</showLegend>
<showLabels>false</showLabels>
<showRelAttributes>false</showRelAttributes>
<gridEnabled>false</gridEnabled>
<showGrid>false</showGrid>
<diagramColor>-1</diagramColor>
<display>false</display>
<notation>1</notation>
<objectViews>
<OView class="oracle.dbtools.crest.swingui.relational.TVTable" oid="3270034B-1D56-740C-E0C9-82EBC6E12DF6" otype="Table" vid="1FB85919-8D2D-0C08-29D3-A8295428E2C0">
<hideElementsInCurrentOnly>false</hideElementsInCurrentOnly>
<bounds x="284" y="332" width="170" height="110"/>
</OView>
<OView class="oracle.dbtools.crest.swingui.relational.TVTable" oid="374A4D2B-EF20-F464-13DE-FBF982583133" otype="Table" vid="53657FC6-B405-1EF5-BABC-03E4B5796582">
<hideElementsInCurrentOnly>false</hideElementsInCurrentOnly>
<bounds x="53" y="162" width="170" height="70"/>
</OView>
<OView class="oracle.dbtools.crest.swingui.relational.TVTable" oid="9925F8D3-F6F5-FFE1-BD4A-2E4914423071" otype="Table" vid="B2031962-F8F4-6D45-D138-FF7A6D099B32">
<hideElementsInCurrentOnly>false</hideElementsInCurrentOnly>
<bounds x="788" y="346" width="170" height="112"/>
</OView>
<OView class="oracle.dbtools.crest.swingui.relational.TVTable" oid="A30EA251-EAC8-A819-8650-73C9F14E7101" otype="Table" vid="F970ECF4-52F5-2A32-BFAE-9A966F6460C1">
<hideElementsInCurrentOnly>false</hideElementsInCurrentOnly>
<bounds x="352" y="194" width="170" height="110"/>
</OView>
<OView class="oracle.dbtools.crest.swingui.relational.TVTable" oid="C267A340-B19F-5D24-9E7D-18EAB4D47206" otype="Table" vid="73C5F86F-B978-03E9-BF09-264A67A29F31">
<hideElementsInCurrentOnly>false</hideElementsInCurrentOnly>
<bounds x="593" y="250" width="140" height="121"/>
</OView>
<OView class="oracle.dbtools.crest.swingui.relational.TVTable" oid="C409B1F8-1396-6163-3E8A-88A55A4A79A3" otype="Table" vid="2743E455-3B55-1C67-2DD3-0031B5BAA04C">
<hideElementsInCurrentOnly>false</hideElementsInCurrentOnly>
<bounds x="34" y="19" width="170" height="110"/>
</OView>
<OView class="oracle.dbtools.crest.swingui.relational.TVTable" oid="C456C237-339F-6526-C51B-1E04E5D17C72" otype="Table" vid="3579D709-3A6C-82CE-CCFF-5DA6D6D8B19D">
<hideElementsInCurrentOnly>false</hideElementsInCurrentOnly>
<bounds x="288" y="18" width="177" height="110"/>
</OView>
<OView class="oracle.dbtools.crest.swingui.relational.TVTable" oid="D8C1EC29-FF1E-DF4A-9D78-BCF33D92DB0F" otype="Table" vid="33F91AF1-6781-547F-0092-9EAEE7715767">
<hideElementsInCurrentOnly>false</hideElementsInCurrentOnly>
<bounds x="29" y="295" width="170" height="110"/>
</OView>
<OView class="oracle.dbtools.crest.swingui.relational.TVTable" oid="F83F72E2-664B-08C2-22F2-D0A6A51B5415" otype="Table" vid="8DEB88C4-0F24-9F4C-3F00-D35D457D69B0">
<hideElementsInCurrentOnly>false</hideElementsInCurrentOnly>
<bounds x="135" y="477" width="170" height="69"/>
</OView>
<OView class="oracle.dbtools.crest.swingui.relational.TVTable" oid="F8F0F36F-7A3B-B855-9B35-17AEBBA08748" otype="Table" vid="FDD02B35-7027-BBE1-4E19-D47965C3CB53">
<hideElementsInCurrentOnly>false</hideElementsInCurrentOnly>
<bounds x="552" y="66" width="170" height="81"/>
</OView>
</objectViews>
<connectors>
<Connector class="oracle.dbtools.crest.swingui.relational.TVFKRelation" oid="2EC64AD7-9571-57C2-A669-80A34E0B24BD" otype="FKIndexAssociation" vid_source="FDD02B35-7027-BBE1-4E19-D47965C3CB53" vid_target="F970ECF4-52F5-2A32-BFAE-9A966F6460C1">
<hideElementsInCurrentOnly>false</hideElementsInCurrentOnly>
<backgroundColor>-16777216</backgroundColor>
<lineWidth>1</lineWidth>
<points>
<point x="552" y="76"/>
<point x="537" y="106"/>
<point x="537" y="249"/>
<point x="522" y="239"/>
</points>
</Connector>
<Connector class="oracle.dbtools.crest.swingui.relational.TVFKRelation" oid="3D0ED710-86FF-93CF-5724-0059024B53C0" otype="FKIndexAssociation" vid_source="53657FC6-B405-1EF5-BABC-03E4B5796582" vid_target="1FB85919-8D2D-0C08-29D3-A8295428E2C0">
<hideElementsInCurrentOnly>false</hideElementsInCurrentOnly>
<backgroundColor>-16777216</backgroundColor>
<lineWidth>1</lineWidth>
<points>
<point x="223" y="207"/>
<point x="253" y="197"/>
<point x="253" y="387"/>
<point x="284" y="387"/>
</points>
</Connector>
<Connector class="oracle.dbtools.crest.swingui.relational.TVFKRelation" oid="43B374E2-E467-C638-957C-563FCF4C902F" otype="FKIndexAssociation" vid_source="53657FC6-B405-1EF5-BABC-03E4B5796582" vid_target="FDD02B35-7027-BBE1-4E19-D47965C3CB53">
<hideElementsInCurrentOnly>false</hideElementsInCurrentOnly>
<backgroundColor>-16777216</backgroundColor>
<lineWidth>1</lineWidth>
<points>
<point x="223" y="167"/>
<point x="417" y="167"/>
<point x="417" y="67"/>
<point x="552" y="66"/>
</points>
</Connector>
<Connector class="oracle.dbtools.crest.swingui.relational.TVFKRelation" oid="5AE410E7-CCD8-937C-F1A8-5734F36E6BCE" otype="FKIndexAssociation" vid_source="73C5F86F-B978-03E9-BF09-264A67A29F31" vid_target="1FB85919-8D2D-0C08-29D3-A8295428E2C0">
<hideElementsInCurrentOnly>false</hideElementsInCurrentOnly>
<backgroundColor>-16777216</backgroundColor>
<lineWidth>1</lineWidth>
<points>
<point x="593" y="320"/>
<point x="498" y="320"/>
<point x="498" y="387"/>
<point x="454" y="387"/>
</points>
</Connector>
<Connector class="oracle.dbtools.crest.swingui.relational.TVFKRelation" oid="781067C0-B61E-E0DA-4D7F-9CC079157BFA" otype="FKIndexAssociation" vid_source="B2031962-F8F4-6D45-D138-FF7A6D099B32" vid_target="FDD02B35-7027-BBE1-4E19-D47965C3CB53">
<hideElementsInCurrentOnly>false</hideElementsInCurrentOnly>
<backgroundColor>-16777216</backgroundColor>
<lineWidth>1</lineWidth>
<points>
<point x="883" y="346"/>
<point x="883" y="252"/>
<point x="647" y="252"/>
<point x="647" y="147"/>
</points>
</Connector>
<Connector class="oracle.dbtools.crest.swingui.relational.TVFKRelation" oid="7AAE1775-F557-46C2-7B84-7AA748B0378A" otype="FKIndexAssociation" vid_source="73C5F86F-B978-03E9-BF09-264A67A29F31" vid_target="F970ECF4-52F5-2A32-BFAE-9A966F6460C1">
<hideElementsInCurrentOnly>false</hideElementsInCurrentOnly>
<backgroundColor>-16777216</backgroundColor>
<lineWidth>1</lineWidth>
<points>
<point x="593" y="300"/>
<point x="532" y="300"/>
<point x="532" y="259"/>
<point x="522" y="259"/>
</points>
</Connector>
<Connector class="oracle.dbtools.crest.swingui.relational.TVFKRelation" oid="7D739070-07D1-993C-5B76-580A01D77EA4" otype="FKIndexAssociation" vid_source="8DEB88C4-0F24-9F4C-3F00-D35D457D69B0" vid_target="33F91AF1-6781-547F-0092-9EAEE7715767">
<hideElementsInCurrentOnly>false</hideElementsInCurrentOnly>
<backgroundColor>-16777216</backgroundColor>
<lineWidth>1</lineWidth>
<points>
<point x="220" y="477"/>
<point x="220" y="420"/>
<point x="114" y="420"/>
<point x="114" y="405"/>
</points>
</Connector>
<Connector class="oracle.dbtools.crest.swingui.relational.TVFKRelation" oid="86392A65-98FD-2E0A-AC5A-4F648C09A19A" otype="FKIndexAssociation" vid_source="53657FC6-B405-1EF5-BABC-03E4B5796582" vid_target="33F91AF1-6781-547F-0092-9EAEE7715767">
<hideElementsInCurrentOnly>false</hideElementsInCurrentOnly>
<backgroundColor>-16777216</backgroundColor>
<lineWidth>1</lineWidth>
<points>
<point x="138" y="232"/>
<point x="138" y="263"/>
<point x="114" y="263"/>
<point x="114" y="295"/>
</points>
</Connector>
<Connector class="oracle.dbtools.crest.swingui.relational.TVFKRelation" oid="A0EABCC2-6B82-EDCA-144A-868E2F6E1029" otype="FKIndexAssociation" vid_source="2743E455-3B55-1C67-2DD3-0031B5BAA04C" vid_target="3579D709-3A6C-82CE-CCFF-5DA6D6D8B19D">
<hideElementsInCurrentOnly>false</hideElementsInCurrentOnly>
<backgroundColor>-16777216</backgroundColor>
<lineWidth>1</lineWidth>
<points>
<point x="204" y="84"/>
<point x="236" y="84"/>
<point x="236" y="83"/>
<point x="288" y="83"/>
</points>
</Connector>
<Connector class="oracle.dbtools.crest.swingui.relational.TVFKRelation" oid="D949A116-47EA-53B6-2B19-BAEC63348975" otype="FKIndexAssociation" vid_source="8DEB88C4-0F24-9F4C-3F00-D35D457D69B0" vid_target="B2031962-F8F4-6D45-D138-FF7A6D099B32">
<hideElementsInCurrentOnly>false</hideElementsInCurrentOnly>
<backgroundColor>-16777216</backgroundColor>
<lineWidth>1</lineWidth>
<points>
<point x="305" y="521"/>
<point x="536" y="521"/>
<point x="536" y="412"/>
<point x="788" y="412"/>
</points>
</Connector>
<Connector class="oracle.dbtools.crest.swingui.relational.TVFKRelation" oid="F7F6174F-C810-9A95-A2E4-B46A48C45B53" otype="FKIndexAssociation" vid_source="FDD02B35-7027-BBE1-4E19-D47965C3CB53" vid_target="3579D709-3A6C-82CE-CCFF-5DA6D6D8B19D">
<hideElementsInCurrentOnly>false</hideElementsInCurrentOnly>
<backgroundColor>-16777216</backgroundColor>
<lineWidth>1</lineWidth>
<points>
<point x="552" y="136"/>
<point x="475" y="136"/>
<point x="475" y="83"/>
<point x="465" y="83"/>
</points>
</Connector>
</connectors>
</Diagram>