<?xml version = '1.0' encoding = 'UTF-8'?>
<FKIndexAssociation class="oracle.dbtools.crest.model.design.relational.FKIndexAssociation" directorySegmentName="seg_0" id="2EC64AD7-9571-57C2-A669-80A34E0B24BD" containerWithKeyObject="A30EA251-EAC8-A819-8650-73C9F14E7101" localFKIndex="BD6DAC69-35E4-F9A7-2EE7-47608617E61B" name="Relation_6_OfertaAsignatura_FK">
<createdBy>alvaro</createdBy>
<createdTime>2020-11-20 09:47:27 UTC</createdTime>
<generatorID>57DFDD1E-78EE-E7FA-7C56-5CE2D177BB36</generatorID>
<ownerDesignName>horario-instituto</ownerDesignName>
<referredTableLongName>OfertaAsignatura</referredTableLongName>
<deleteRule>NO ACTION</deleteRule>
<referredTableID>F8F0F36F-7A3B-B855-9B35-17AEBBA08748</referredTableID>
<keyObject>1EC5C8B9-5633-E3E1-6230-BB6BBBD04602</keyObject>
<referredKeyID>1EC5C8B9-5633-E3E1-6230-BB6BBBD04602</referredKeyID>
<mandatory>true</mandatory>
<refColNames>codigointernocentro</refColNames>
<transferable>true</transferable>
<rely>false</rely>
<columnDependencyConstraintGenerateInDDL>true</columnDependencyConstraintGenerateInDDL>
</FKIndexAssociation>