<?xml version = '1.0' encoding = 'UTF-8'?>
<FKIndexAssociation class="oracle.dbtools.crest.model.design.relational.FKIndexAssociation" directorySegmentName="seg_0" id="3D0ED710-86FF-93CF-5724-0059024B53C0" containerWithKeyObject="3270034B-1D56-740C-E0C9-82EBC6E12DF6" localFKIndex="7A588F09-3F7A-4FAC-7E22-6166133F4A42" name="tiene_antigüedad_Asignatura_FK">
<createdBy>alvaro</createdBy>
<createdTime>2020-11-20 09:47:27 UTC</createdTime>
<generatorID>2E6E8A5C-3C3C-21FB-9829-45BF19B90F1E</generatorID>
<ownerDesignName>horario-instituto</ownerDesignName>
<referredTableLongName>Asignatura</referredTableLongName>
<deleteRule>NO ACTION</deleteRule>
<referredTableID>374A4D2B-EF20-F464-13DE-FBF982583133</referredTableID>
<keyObject>4720A57B-707E-A63B-147B-07279ADA64CF</keyObject>
<referredKeyID>4720A57B-707E-A63B-147B-07279ADA64CF</referredKeyID>
<mandatory>true</mandatory>
<refColNames>codigoeuropeo</refColNames>
<transferable>true</transferable>
<rely>false</rely>
<columnDependencyConstraintGenerateInDDL>true</columnDependencyConstraintGenerateInDDL>
</FKIndexAssociation>