<?xml version = '1.0' encoding = 'UTF-8'?>
<FKIndexAssociation class="oracle.dbtools.crest.model.design.relational.FKIndexAssociation" directorySegmentName="seg_0" id="43B374E2-E467-C638-957C-563FCF4C902F" containerWithKeyObject="F8F0F36F-7A3B-B855-9B35-17AEBBA08748" localFKIndex="07D82662-D9B0-DA72-9F64-C632E880BFC2" name="OfertaAsignatura_Asignatura_FK">
<createdBy>alvaro</createdBy>
<createdTime>2020-11-20 09:47:27 UTC</createdTime>
<generatorID>40C8D168-0DD2-5CC9-BC08-A5C544AD12BF</generatorID>
<ownerDesignName>horario-instituto</ownerDesignName>
<referredTableLongName>Asignatura</referredTableLongName>
<deleteRule>NO ACTION</deleteRule>
<referredTableID>374A4D2B-EF20-F464-13DE-FBF982583133</referredTableID>
<keyObject>4720A57B-707E-A63B-147B-07279ADA64CF</keyObject>
<referredKeyID>4720A57B-707E-A63B-147B-07279ADA64CF</referredKeyID>
<mandatory>true</mandatory>
<refColNames>codigoeuropeo</refColNames>
<transferable>true</transferable>
<rely>false</rely>
<columnDependencyConstraintGenerateInDDL>true</columnDependencyConstraintGenerateInDDL>
</FKIndexAssociation>