<?xml version = '1.0' encoding = 'UTF-8'?>
<FKIndexAssociation class="oracle.dbtools.crest.model.design.relational.FKIndexAssociation" directorySegmentName="seg_0" id="5AE410E7-CCD8-937C-F1A8-5734F36E6BCE" containerWithKeyObject="3270034B-1D56-740C-E0C9-82EBC6E12DF6" localFKIndex="042207F3-3A84-D5C9-AE25-2B4D34AA3FE0" name="tiene_antigüedad_Profesor_FK">
<createdBy>alvaro</createdBy>
<createdTime>2020-11-20 09:47:27 UTC</createdTime>
<generatorID>2E6E8A5C-3C3C-21FB-9829-45BF19B90F1E</generatorID>
<ownerDesignName>horario-instituto</ownerDesignName>
<referredTableLongName>Profesor</referredTableLongName>
<deleteRule>NO ACTION</deleteRule>
<referredTableID>C267A340-B19F-5D24-9E7D-18EAB4D47206</referredTableID>
<keyObject>12F47A7A-7530-04D9-1125-15C19DA9A4D2</keyObject>
<referredKeyID>12F47A7A-7530-04D9-1125-15C19DA9A4D2</referredKeyID>
<mandatory>true</mandatory>
<refColNames>codigoprofesor</refColNames>
<transferable>true</transferable>
<rely>false</rely>
<columnDependencyConstraintGenerateInDDL>true</columnDependencyConstraintGenerateInDDL>
</FKIndexAssociation>