<?xml version = '1.0' encoding = 'UTF-8'?>
<FKIndexAssociation class="oracle.dbtools.crest.model.design.relational.FKIndexAssociation" directorySegmentName="seg_0" id="781067C0-B61E-E0DA-4D7F-9CC079157BFA" containerWithKeyObject="F8F0F36F-7A3B-B855-9B35-17AEBBA08748" localFKIndex="3882BBB3-99F7-A4E3-CE21-E2ADE8D91E0F" name="OfertaAsignatura_OfertaCiclo_FK">
<createdBy>alvaro</createdBy>
<createdTime>2020-11-20 09:47:27 UTC</createdTime>
<generatorID>4055C357-BF73-B04C-7FA2-3F8916CD7A8C</generatorID>
<ownerDesignName>horario-instituto</ownerDesignName>
<referredTableLongName>OfertaCiclo</referredTableLongName>
<deleteRule>NO ACTION</deleteRule>
<referredTableID>9925F8D3-F6F5-FFE1-BD4A-2E4914423071</referredTableID>
<keyObject>D65AA2FC-831C-D594-EF09-1D6A9FB4517D</keyObject>
<referredKeyID>D65AA2FC-831C-D594-EF09-1D6A9FB4517D</referredKeyID>
<mandatory>true</mandatory>
<refColNames>curso,codigooficialdecicloesteaño</refColNames>
<transferable>true</transferable>
<rely>false</rely>
<columnDependencyConstraintGenerateInDDL>true</columnDependencyConstraintGenerateInDDL>
</FKIndexAssociation>