<?xml version = '1.0' encoding = 'UTF-8'?>
<FKIndexAssociation class="oracle.dbtools.crest.model.design.relational.FKIndexAssociation" directorySegmentName="seg_0" id="7AAE1775-F557-46C2-7B84-7AA748B0378A" containerWithKeyObject="A30EA251-EAC8-A819-8650-73C9F14E7101" localFKIndex="24C55D62-D7EE-1988-6623-4D08F5F16F63" name="Relation_6_Profesor_FK">
<createdBy>alvaro</createdBy>
<createdTime>2020-11-20 09:47:27 UTC</createdTime>
<generatorID>57DFDD1E-78EE-E7FA-7C56-5CE2D177BB36</generatorID>
<ownerDesignName>horario-instituto</ownerDesignName>
<referredTableLongName>Profesor</referredTableLongName>
<deleteRule>NO ACTION</deleteRule>
<referredTableID>C267A340-B19F-5D24-9E7D-18EAB4D47206</referredTableID>
<keyObject>12F47A7A-7530-04D9-1125-15C19DA9A4D2</keyObject>
<referredKeyID>12F47A7A-7530-04D9-1125-15C19DA9A4D2</referredKeyID>
<mandatory>true</mandatory>
<refColNames>codigoprofesor</refColNames>
<transferable>true</transferable>
<rely>false</rely>
<columnDependencyConstraintGenerateInDDL>true</columnDependencyConstraintGenerateInDDL>
</FKIndexAssociation>