<?xml version = '1.0' encoding = 'UTF-8'?>
<FKIndexAssociation class="oracle.dbtools.crest.model.design.relational.FKIndexAssociation" directorySegmentName="seg_0" id="7D739070-07D1-993C-5B76-580A01D77EA4" containerWithKeyObject="D8C1EC29-FF1E-DF4A-9D78-BCF33D92DB0F" localFKIndex="906A7C33-17AF-7DE9-C2D1-0DE1BFB57174" name="se_cursa_en_Ciclo_FK">
<createdBy>alvaro</createdBy>
<createdTime>2020-11-20 09:47:27 UTC</createdTime>
<generatorID>EDB3AE5F-BFD9-F6D2-5384-0EF14C199F7A</generatorID>
<ownerDesignName>horario-instituto</ownerDesignName>
<referredTableLongName>Ciclo</referredTableLongName>
<deleteRule>NO ACTION</deleteRule>
<referredTableID>F83F72E2-664B-08C2-22F2-D0A6A51B5415</referredTableID>
<keyObject>752F8F7A-B0D4-76F3-461F-2A6F582BBB46</keyObject>
<referredKeyID>752F8F7A-B0D4-76F3-461F-2A6F582BBB46</referredKeyID>
<mandatory>true</mandatory>
<refColNames>nombreciclo</refColNames>
<transferable>true</transferable>
<rely>false</rely>
<columnDependencyConstraintGenerateInDDL>true</columnDependencyConstraintGenerateInDDL>
</FKIndexAssociation>