<?xml version = '1.0' encoding = 'UTF-8'?>
<FKIndexAssociation class="oracle.dbtools.crest.model.design.relational.FKIndexAssociation" directorySegmentName="seg_0" id="86392A65-98FD-2E0A-AC5A-4F648C09A19A" containerWithKeyObject="D8C1EC29-FF1E-DF4A-9D78-BCF33D92DB0F" localFKIndex="94B4DD78-A720-01CF-F679-5DC27FE86BC6" name="se_cursa_en_Asignatura_FK">
<createdBy>alvaro</createdBy>
<createdTime>2020-11-20 09:47:27 UTC</createdTime>
<generatorID>EDB3AE5F-BFD9-F6D2-5384-0EF14C199F7A</generatorID>
<ownerDesignName>horario-instituto</ownerDesignName>
<referredTableLongName>Asignatura</referredTableLongName>
<deleteRule>NO ACTION</deleteRule>
<referredTableID>374A4D2B-EF20-F464-13DE-FBF982583133</referredTableID>
<keyObject>4720A57B-707E-A63B-147B-07279ADA64CF</keyObject>
<referredKeyID>4720A57B-707E-A63B-147B-07279ADA64CF</referredKeyID>
<mandatory>true</mandatory>
<refColNames>codigoeuropeo</refColNames>
<transferable>true</transferable>
<rely>false</rely>
<columnDependencyConstraintGenerateInDDL>true</columnDependencyConstraintGenerateInDDL>
</FKIndexAssociation>