<?xml version = '1.0' encoding = 'UTF-8'?>
<FKIndexAssociation class="oracle.dbtools.crest.model.design.relational.FKIndexAssociation" directorySegmentName="seg_0" id="A0EABCC2-6B82-EDCA-144A-868E2F6E1029" containerWithKeyObject="C456C237-339F-6526-C51B-1E04E5D17C72" localFKIndex="4DC9FAB5-D36F-E783-58A4-8EAB504C8137" name="Horario_Aula_FK">
<createdBy>alvaro</createdBy>
<createdTime>2020-11-20 09:47:27 UTC</createdTime>
<generatorID>B838C3DC-70EB-7582-8731-83C026D1BDD0</generatorID>
<ownerDesignName>horario-instituto</ownerDesignName>
<referredTableLongName>Aula</referredTableLongName>
<deleteRule>NO ACTION</deleteRule>
<referredTableID>C409B1F8-1396-6163-3E8A-88A55A4A79A3</referredTableID>
<keyObject>B40545F2-3DB6-8D4C-1346-CBED6690447D</keyObject>
<referredKeyID>B40545F2-3DB6-8D4C-1346-CBED6690447D</referredKeyID>
<mandatory>true</mandatory>
<refColNames>codigoaula</refColNames>
<transferable>true</transferable>
<rely>false</rely>
<columnDependencyConstraintGenerateInDDL>true</columnDependencyConstraintGenerateInDDL>
</FKIndexAssociation>