<?xml version = '1.0' encoding = 'UTF-8'?>
<FKIndexAssociation class="oracle.dbtools.crest.model.design.relational.FKIndexAssociation" directorySegmentName="seg_0" id="D949A116-47EA-53B6-2B19-BAEC63348975" containerWithKeyObject="9925F8D3-F6F5-FFE1-BD4A-2E4914423071" localFKIndex="4AE046D6-9CE1-1AA3-E6B4-BEF9FC421DF4" name="OfertaCiclo_Ciclo_FK">
<createdBy>alvaro</createdBy>
<createdTime>2020-11-20 09:47:27 UTC</createdTime>
<generatorID>408E36AC-94A8-4950-BA6F-631AF759764E</generatorID>
<ownerDesignName>horario-instituto</ownerDesignName>
<referredTableLongName>Ciclo</referredTableLongName>
<deleteRule>NO ACTION</deleteRule>
<referredTableID>F83F72E2-664B-08C2-22F2-D0A6A51B5415</referredTableID>
<keyObject>752F8F7A-B0D4-76F3-461F-2A6F582BBB46</keyObject>
<referredKeyID>752F8F7A-B0D4-76F3-461F-2A6F582BBB46</referredKeyID>
<mandatory>true</mandatory>
<refColNames>nombreciclo</refColNames>
<transferable>true</transferable>
<rely>false</rely>
<columnDependencyConstraintGenerateInDDL>true</columnDependencyConstraintGenerateInDDL>
</FKIndexAssociation>