<?xml version = '1.0' encoding = 'UTF-8'?>
<FKIndexAssociation class="oracle.dbtools.crest.model.design.relational.FKIndexAssociation" directorySegmentName="seg_0" id="F7F6174F-C810-9A95-A2E4-B46A48C45B53" containerWithKeyObject="C456C237-339F-6526-C51B-1E04E5D17C72" localFKIndex="3795E53F-6A36-AA2C-9849-58D2FBEE1643" name="Horario_OfertaAsignatura_FK">
<createdBy>alvaro</createdBy>
<createdTime>2020-11-20 09:47:27 UTC</createdTime>
<generatorID>698996B2-A3BC-7A3D-5AA3-AEBB6E77D436</generatorID>
<ownerDesignName>horario-instituto</ownerDesignName>
<referredTableLongName>OfertaAsignatura</referredTableLongName>
<deleteRule>NO ACTION</deleteRule>
<referredTableID>F8F0F36F-7A3B-B855-9B35-17AEBBA08748</referredTableID>
<keyObject>1EC5C8B9-5633-E3E1-6230-BB6BBBD04602</keyObject>
<referredKeyID>1EC5C8B9-5633-E3E1-6230-BB6BBBD04602</referredKeyID>
<mandatory>true</mandatory>
<refColNames>codigointernocentro</refColNames>
<transferable>true</transferable>
<rely>false</rely>
<columnDependencyConstraintGenerateInDDL>true</columnDependencyConstraintGenerateInDDL>
</FKIndexAssociation>