<?xml version = '1.0' encoding = 'UTF-8'?>
<relationalModel class="oracle.dbtools.crest.model.design.relational.RelationalDesign" name="Relational_1" id="3CAFE757-7E76-D9D8-B289-ECDA9A31C67A" mainViewID="B6FEA6D0-D324-C64B-509E-1A214ACC493A">
<createdBy>alvaro</createdBy>
<createdTime>2020-11-20 09:46:42 UTC</createdTime>
<ownerDesignName>horario-instituto</ownerDesignName>
<shouldBeOpen>false</shouldBeOpen>
<selectedRDBMSSite>32076570-2523-435C-2E92-BF29817DFF70</selectedRDBMSSite>
</relationalModel>