<?xml version = '1.0' encoding = 'UTF-8'?>
<Table class="oracle.dbtools.crest.model.design.relational.Table" directorySegmentName="seg_0" id="3270034B-1D56-740C-E0C9-82EBC6E12DF6" name="tiene_antigüedad">
<createdBy>alvaro</createdBy>
<createdTime>2020-11-20 09:47:27 UTC</createdTime>
<ownerDesignName>horario-instituto</ownerDesignName>
<allowColumnReorder>false</allowColumnReorder>
<existDependencyGenerateInDDl>true</existDependencyGenerateInDDl>
<parsed>true</parsed>
<columns itemClass="oracle.dbtools.crest.model.design.relational.Column">
<Column name="Asignatura_codigoeuropeo" id="1E00364E-A95C-EFC1-CD58-80D66C05D02C">
<createdBy>alvaro</createdBy>
<createdTime>2020-11-20 09:47:27 UTC</createdTime>
<ownerDesignName>horario-instituto</ownerDesignName>
<use>0</use>
<ownDataTypeParameters>,,</ownDataTypeParameters>
<previousColumn>false</previousColumn>
<autoIncrementCycle>false</autoIncrementCycle>
<associations>
<colAssociation fkAssociation="3D0ED710-86FF-93CF-5724-0059024B53C0" referredColumn="D4D4E2E5-CA7F-9AFF-BB86-D9E57A19132A"/>
</associations>
</Column>
<Column name="Profesor_codigoprofesor" id="7A6A2D59-F459-B07B-60CD-38C466383917">
<createdBy>alvaro</createdBy>
<createdTime>2020-11-20 09:47:27 UTC</createdTime>
<ownerDesignName>horario-instituto</ownerDesignName>
<use>0</use>
<ownDataTypeParameters>,,</ownDataTypeParameters>
<previousColumn>false</previousColumn>
<autoIncrementCycle>false</autoIncrementCycle>
<associations>
<colAssociation fkAssociation="5AE410E7-CCD8-937C-F1A8-5734F36E6BCE" referredColumn="AA9F98D6-CF2B-11EE-2C70-D715FDD9778C"/>
</associations>
</Column>
<Column name="antigüedad" id="3979A52C-E551-F7EC-3B41-E0F2E4D9FCD8">
<createdBy>alvaro</createdBy>
<createdTime>2020-11-20 09:47:27 UTC</createdTime>
<generatorID>E07FEDEB-737F-9F69-5791-9A7D1F057F39</generatorID>
<ownerDesignName>horario-instituto</ownerDesignName>
<nullsAllowed>true</nullsAllowed>
<use>0</use>
<ownDataTypeParameters>,,</ownDataTypeParameters>
<autoIncrementCycle>false</autoIncrementCycle>
<isRelationshipColumn>true</isRelationshipColumn>
</Column>
</columns>
<indexes itemClass="oracle.dbtools.crest.model.design.relational.Index">
<ind_PK_UK id="1C5F2339-BE0D-4CAF-3145-5E1A00C76F28" name="tiene_antigüedad_PK">
<createdBy>alvaro</createdBy>
<createdTime>2020-11-20 09:47:27 UTC</createdTime>
<ownerDesignName>horario-instituto</ownerDesignName>
<pk>true</pk>
<indexState>Primary Constraint</indexState>
<isSurrogateKey>false</isSurrogateKey>
<indexColumnUsage>
<colUsage columnID="1E00364E-A95C-EFC1-CD58-80D66C05D02C"/>
<colUsage columnID="7A6A2D59-F459-B07B-60CD-38C466383917"/>
</indexColumnUsage>
</ind_PK_UK>
<ind_PK_UK id="7A588F09-3F7A-4FAC-7E22-6166133F4A42" name="tiene_antigüedad_Asignatura_FK">
<createdBy>alvaro</createdBy>
<createdTime>2020-11-20 09:47:27 UTC</createdTime>
<generatorID>2E6E8A5C-3C3C-21FB-9829-45BF19B90F1E</generatorID>
<ownerDesignName>horario-instituto</ownerDesignName>
<indexState>Foreign Key</indexState>
<isSurrogateKey>false</isSurrogateKey>
<indexColumnUsage>
<colUsage columnID="1E00364E-A95C-EFC1-CD58-80D66C05D02C"/>
</indexColumnUsage>
</ind_PK_UK>
<ind_PK_UK id="042207F3-3A84-D5C9-AE25-2B4D34AA3FE0" name="tiene_antigüedad_Profesor_FK">
<createdBy>alvaro</createdBy>
<createdTime>2020-11-20 09:47:27 UTC</createdTime>
<generatorID>2E6E8A5C-3C3C-21FB-9829-45BF19B90F1E</generatorID>
<ownerDesignName>horario-instituto</ownerDesignName>
<indexState>Foreign Key</indexState>
<isSurrogateKey>false</isSurrogateKey>
<indexColumnUsage>
<colUsage columnID="7A6A2D59-F459-B07B-60CD-38C466383917"/>
</indexColumnUsage>
</ind_PK_UK>
</indexes>
</Table>