<?xml version = '1.0' encoding = 'UTF-8'?>
<Table class="oracle.dbtools.crest.model.design.relational.Table" directorySegmentName="seg_0" id="9925F8D3-F6F5-FFE1-BD4A-2E4914423071" name="OfertaCiclo">
<createdBy>alvaro</createdBy>
<createdTime>2020-11-20 09:47:27 UTC</createdTime>
<generatorID>5688A571-19FB-B8A9-463D-09F3AD24E812</generatorID>
<ownerDesignName>horario-instituto</ownerDesignName>
<allowColumnReorder>false</allowColumnReorder>
<existDependencyGenerateInDDl>true</existDependencyGenerateInDDl>
<parsed>true</parsed>
<columns itemClass="oracle.dbtools.crest.model.design.relational.Column">
<Column name="curso" id="3BC5D9E7-4343-F146-1979-68A00C2DB84D">
<createdBy>alvaro</createdBy>
<createdTime>2020-11-20 09:47:27 UTC</createdTime>
<generatorID>7D360E4A-ED95-3112-C170-768A71F5B7FE</generatorID>
<ownerDesignName>horario-instituto</ownerDesignName>
<use>0</use>
<ownDataTypeParameters>,,</ownDataTypeParameters>
<autoIncrementCycle>false</autoIncrementCycle>
</Column>
<Column name="turno" id="87587AD7-B477-E76F-EC72-24E000712E8D">
<createdBy>alvaro</createdBy>
<createdTime>2020-11-20 09:47:27 UTC</createdTime>
<generatorID>93699363-94B3-8626-D6AA-13EBE757B14F</generatorID>
<ownerDesignName>horario-instituto</ownerDesignName>
<nullsAllowed>true</nullsAllowed>
<use>0</use>
<ownDataTypeParameters>,,</ownDataTypeParameters>
<autoIncrementCycle>false</autoIncrementCycle>
</Column>
<Column name="codigooficialdecicloesteaño" id="A05E05E2-2E2B-8FE3-178B-7B8285F8EC35">
<createdBy>alvaro</createdBy>
<createdTime>2020-11-20 09:47:27 UTC</createdTime>
<generatorID>AA074F26-055F-D08C-A91B-38F4C2AB2E65</generatorID>
<ownerDesignName>horario-instituto</ownerDesignName>
<use>0</use>
<ownDataTypeParameters>,,</ownDataTypeParameters>
<autoIncrementCycle>false</autoIncrementCycle>
</Column>
<Column name="Ciclo_nombreciclo" id="90D016BE-9EB4-DEBD-3833-713BE9D05DFA">
<createdBy>alvaro</createdBy>
<createdTime>2020-11-20 09:47:27 UTC</createdTime>
<generatorID>A098A9E3-7544-7BF1-0E88-589ECE3D0E31</generatorID>
<ownerDesignName>horario-instituto</ownerDesignName>
<use>0</use>
<ownDataTypeParameters>,,</ownDataTypeParameters>
<previousColumn>false</previousColumn>
<autoIncrementCycle>false</autoIncrementCycle>
<associations>
<colAssociation fkAssociation="D949A116-47EA-53B6-2B19-BAEC63348975" referredColumn="D096FEFA-2814-1473-84B6-F0A70751E934"/>
</associations>
</Column>
</columns>
<indexes itemClass="oracle.dbtools.crest.model.design.relational.Index">
<ind_PK_UK id="D65AA2FC-831C-D594-EF09-1D6A9FB4517D" name="OfertaCiclo_PK">
<createdBy>alvaro</createdBy>
<createdTime>2020-11-20 09:47:27 UTC</createdTime>
<generatorID>7BD4BA95-2CCD-904C-75B5-0F59A680F611</generatorID>
<ownerDesignName>horario-instituto</ownerDesignName>
<pk>true</pk>
<indexState>Primary Constraint</indexState>
<isSurrogateKey>false</isSurrogateKey>
<indexColumnUsage>
<colUsage columnID="3BC5D9E7-4343-F146-1979-68A00C2DB84D"/>
<colUsage columnID="A05E05E2-2E2B-8FE3-178B-7B8285F8EC35"/>
</indexColumnUsage>
</ind_PK_UK>
<ind_PK_UK id="4AE046D6-9CE1-1AA3-E6B4-BEF9FC421DF4" name="OfertaCiclo_Ciclo_FK">
<createdBy>alvaro</createdBy>
<createdTime>2020-11-20 09:47:27 UTC</createdTime>
<generatorID>408E36AC-94A8-4950-BA6F-631AF759764E</generatorID>
<ownerDesignName>horario-instituto</ownerDesignName>
<indexState>Foreign Key</indexState>
<isSurrogateKey>false</isSurrogateKey>
<indexColumnUsage>
<colUsage columnID="90D016BE-9EB4-DEBD-3833-713BE9D05DFA"/>
</indexColumnUsage>
</ind_PK_UK>
</indexes>
</Table>