<?xml version = '1.0' encoding = 'UTF-8'?>
<Table class="oracle.dbtools.crest.model.design.relational.Table" directorySegmentName="seg_0" id="A30EA251-EAC8-A819-8650-73C9F14E7101" name="Relation_6">
<createdBy>alvaro</createdBy>
<createdTime>2020-11-20 09:47:27 UTC</createdTime>
<ownerDesignName>horario-instituto</ownerDesignName>
<allowColumnReorder>false</allowColumnReorder>
<existDependencyGenerateInDDl>true</existDependencyGenerateInDDl>
<parsed>true</parsed>
<columns itemClass="oracle.dbtools.crest.model.design.relational.Column">
<Column name="OfertaAsignatura_codigointernocentro" id="B5138F51-4F82-4E2D-6D0C-C16E93F46997">
<createdBy>alvaro</createdBy>
<createdTime>2020-11-20 09:47:27 UTC</createdTime>
<ownerDesignName>horario-instituto</ownerDesignName>
<use>0</use>
<ownDataTypeParameters>,,</ownDataTypeParameters>
<previousColumn>false</previousColumn>
<autoIncrementCycle>false</autoIncrementCycle>
<associations>
<colAssociation fkAssociation="2EC64AD7-9571-57C2-A669-80A34E0B24BD" referredColumn="DC27CC67-B405-B728-AF0D-834F3327CD87"/>
</associations>
</Column>
<Column name="Profesor_codigoprofesor" id="AD62D137-6D77-F1CA-BA29-547D5CB9E536">
<createdBy>alvaro</createdBy>
<createdTime>2020-11-20 09:47:27 UTC</createdTime>
<ownerDesignName>horario-instituto</ownerDesignName>
<use>0</use>
<ownDataTypeParameters>,,</ownDataTypeParameters>
<previousColumn>false</previousColumn>
<autoIncrementCycle>false</autoIncrementCycle>
<associations>
<colAssociation fkAssociation="7AAE1775-F557-46C2-7B84-7AA748B0378A" referredColumn="AA9F98D6-CF2B-11EE-2C70-D715FDD9778C"/>
</associations>
</Column>
<Column name="fechainicio" id="5215CB42-0E25-D618-7D15-F7E9875C2F87">
<createdBy>alvaro</createdBy>
<createdTime>2020-11-20 09:47:27 UTC</createdTime>
<generatorID>411465A6-79C5-AAF3-34C6-EBA3F2E7A922</generatorID>
<ownerDesignName>horario-instituto</ownerDesignName>
<nullsAllowed>true</nullsAllowed>
<use>0</use>
<ownDataTypeParameters>,,</ownDataTypeParameters>
<autoIncrementCycle>false</autoIncrementCycle>
<isRelationshipColumn>true</isRelationshipColumn>
</Column>
<Column name="fechafin" id="A2960FEA-BAFA-3284-51B3-2C85BF2A9AB4">
<createdBy>alvaro</createdBy>
<createdTime>2020-11-20 09:47:27 UTC</createdTime>
<comment><![CDATA[	]]></comment>
<generatorID>3C972F96-7B3A-19B0-A79D-F3E84E3FFFBB</generatorID>
<ownerDesignName>horario-instituto</ownerDesignName>
<nullsAllowed>true</nullsAllowed>
<use>0</use>
<ownDataTypeParameters>,,</ownDataTypeParameters>
<autoIncrementCycle>false</autoIncrementCycle>
<isRelationshipColumn>true</isRelationshipColumn>
</Column>
</columns>
<indexes itemClass="oracle.dbtools.crest.model.design.relational.Index">
<ind_PK_UK id="42EC9B97-5C1A-3DFF-B0FF-7E7E74D20C95" name="Relation_6_PK">
<createdBy>alvaro</createdBy>
<createdTime>2020-11-20 09:47:27 UTC</createdTime>
<ownerDesignName>horario-instituto</ownerDesignName>
<pk>true</pk>
<indexState>Primary Constraint</indexState>
<isSurrogateKey>false</isSurrogateKey>
<indexColumnUsage>
<colUsage columnID="B5138F51-4F82-4E2D-6D0C-C16E93F46997"/>
<colUsage columnID="AD62D137-6D77-F1CA-BA29-547D5CB9E536"/>
</indexColumnUsage>
</ind_PK_UK>
<ind_PK_UK id="BD6DAC69-35E4-F9A7-2EE7-47608617E61B" name="Relation_6_OfertaAsignatura_FK">
<createdBy>alvaro</createdBy>
<createdTime>2020-11-20 09:47:27 UTC</createdTime>
<generatorID>57DFDD1E-78EE-E7FA-7C56-5CE2D177BB36</generatorID>
<ownerDesignName>horario-instituto</ownerDesignName>
<indexState>Foreign Key</indexState>
<isSurrogateKey>false</isSurrogateKey>
<indexColumnUsage>
<colUsage columnID="B5138F51-4F82-4E2D-6D0C-C16E93F46997"/>
</indexColumnUsage>
</ind_PK_UK>
<ind_PK_UK id="24C55D62-D7EE-1988-6623-4D08F5F16F63" name="Relation_6_Profesor_FK">
<createdBy>alvaro</createdBy>
<createdTime>2020-11-20 09:47:27 UTC</createdTime>
<generatorID>57DFDD1E-78EE-E7FA-7C56-5CE2D177BB36</generatorID>
<ownerDesignName>horario-instituto</ownerDesignName>
<indexState>Foreign Key</indexState>
<isSurrogateKey>false</isSurrogateKey>
<indexColumnUsage>
<colUsage columnID="AD62D137-6D77-F1CA-BA29-547D5CB9E536"/>
</indexColumnUsage>
</ind_PK_UK>
</indexes>
</Table>