<?xml version = '1.0' encoding = 'UTF-8'?>
<Table class="oracle.dbtools.crest.model.design.relational.Table" directorySegmentName="seg_0" id="C267A340-B19F-5D24-9E7D-18EAB4D47206" name="Profesor">
<createdBy>alvaro</createdBy>
<createdTime>2020-11-20 09:47:27 UTC</createdTime>
<generatorID>93698FC7-1D9E-3B73-04C0-28032CA12203</generatorID>
<ownerDesignName>horario-instituto</ownerDesignName>
<allowColumnReorder>false</allowColumnReorder>
<existDependencyGenerateInDDl>true</existDependencyGenerateInDDl>
<parsed>true</parsed>
<columns itemClass="oracle.dbtools.crest.model.design.relational.Column">
<Column name="nombre" id="405B58C3-28D2-71C1-0959-A13298DFC50E">
<createdBy>alvaro</createdBy>
<createdTime>2020-11-20 09:47:27 UTC</createdTime>
<generatorID>72259C38-B331-504A-6B68-996CCEE15A6F</generatorID>
<ownerDesignName>horario-instituto</ownerDesignName>
<nullsAllowed>true</nullsAllowed>
<use>0</use>
<ownDataTypeParameters>,,</ownDataTypeParameters>
<autoIncrementCycle>false</autoIncrementCycle>
</Column>
<Column name="apellidos" id="FA9C743B-B04A-9E92-7245-9F396EF58370">
<createdBy>alvaro</createdBy>
<createdTime>2020-11-20 09:47:27 UTC</createdTime>
<generatorID>19AA90E6-28B5-C38B-1EC8-CB4514F40020</generatorID>
<ownerDesignName>horario-instituto</ownerDesignName>
<nullsAllowed>true</nullsAllowed>
<use>0</use>
<ownDataTypeParameters>,,</ownDataTypeParameters>
<autoIncrementCycle>false</autoIncrementCycle>
</Column>
<Column name="dni" id="C8FFD538-F29C-9AA2-D43E-758DADE5A531">
<createdBy>alvaro</createdBy>
<createdTime>2020-11-20 09:47:27 UTC</createdTime>
<generatorID>1D346EDD-C366-3E5A-263C-AB06C983C73C</generatorID>
<ownerDesignName>horario-instituto</ownerDesignName>
<nullsAllowed>true</nullsAllowed>
<use>0</use>
<ownDataTypeParameters>,,</ownDataTypeParameters>
<autoIncrementCycle>false</autoIncrementCycle>
</Column>
<Column name="ss" id="5DC6D3F8-8B70-ED22-B9DA-B5C702A479DA">
<createdBy>alvaro</createdBy>
<createdTime>2020-11-20 09:47:27 UTC</createdTime>
<generatorID>91DD59F5-F981-F4D0-4564-2B3B14C7E185</generatorID>
<ownerDesignName>horario-instituto</ownerDesignName>
<nullsAllowed>true</nullsAllowed>
<use>0</use>
<ownDataTypeParameters>,,</ownDataTypeParameters>
<autoIncrementCycle>false</autoIncrementCycle>
</Column>
<Column name="dirección" id="C41F8482-8778-5D8F-6629-D9B84EC84815">
<createdBy>alvaro</createdBy>
<createdTime>2020-11-20 09:47:27 UTC</createdTime>
<generatorID>1F93EEF6-D8E4-3AE1-E675-56561B169AD9</generatorID>
<ownerDesignName>horario-instituto</ownerDesignName>
<nullsAllowed>true</nullsAllowed>
<use>0</use>
<ownDataTypeParameters>,,</ownDataTypeParameters>
<autoIncrementCycle>false</autoIncrementCycle>
</Column>
<Column name="teléfono" id="21668FC0-5654-39A0-8CFB-403B5B82E15A">
<createdBy>alvaro</createdBy>
<createdTime>2020-11-20 09:47:27 UTC</createdTime>
<generatorID>4238D192-9E83-7FBC-A54A-B93E5ED1BECF</generatorID>
<ownerDesignName>horario-instituto</ownerDesignName>
<nullsAllowed>true</nullsAllowed>
<use>0</use>
<ownDataTypeParameters>,,</ownDataTypeParameters>
<autoIncrementCycle>false</autoIncrementCycle>
</Column>
<Column name="email" id="ACE9C6EC-AC1C-494C-417E-1951B0447F9E">
<createdBy>alvaro</createdBy>
<createdTime>2020-11-20 09:47:27 UTC</createdTime>
<generatorID>0835AFFB-668C-5B16-60F7-9AE1DD846003</generatorID>
<ownerDesignName>horario-instituto</ownerDesignName>
<nullsAllowed>true</nullsAllowed>
<use>0</use>
<ownDataTypeParameters>,,</ownDataTypeParameters>
<autoIncrementCycle>false</autoIncrementCycle>
</Column>
<Column name="codigoprofesor" id="AA9F98D6-CF2B-11EE-2C70-D715FDD9778C">
<createdBy>alvaro</createdBy>
<createdTime>2020-11-20 09:47:27 UTC</createdTime>
<generatorID>3E9E6D32-F9E8-101A-46E7-3FD2419189F5</generatorID>
<ownerDesignName>horario-instituto</ownerDesignName>
<use>0</use>
<ownDataTypeParameters>,,</ownDataTypeParameters>
<autoIncrementCycle>false</autoIncrementCycle>
</Column>
</columns>
<indexes itemClass="oracle.dbtools.crest.model.design.relational.Index">
<ind_PK_UK id="12F47A7A-7530-04D9-1125-15C19DA9A4D2" name="Profesor_PK">
<createdBy>alvaro</createdBy>
<createdTime>2020-11-20 09:47:27 UTC</createdTime>
<generatorID>B0F05B56-9C5B-76DE-1E98-2BA84047FCA5</generatorID>
<ownerDesignName>horario-instituto</ownerDesignName>
<pk>true</pk>
<indexState>Primary Constraint</indexState>
<isSurrogateKey>false</isSurrogateKey>
<indexColumnUsage>
<colUsage columnID="AA9F98D6-CF2B-11EE-2C70-D715FDD9778C"/>
</indexColumnUsage>
</ind_PK_UK>
</indexes>
</Table>