<?xml version = '1.0' encoding = 'UTF-8'?>
<Table class="oracle.dbtools.crest.model.design.relational.Table" directorySegmentName="seg_0" id="C409B1F8-1396-6163-3E8A-88A55A4A79A3" name="Aula">
<createdBy>alvaro</createdBy>
<createdTime>2020-11-20 09:47:27 UTC</createdTime>
<generatorID>547072FA-0AD4-E062-2B45-887B7EBAF95C</generatorID>
<ownerDesignName>horario-instituto</ownerDesignName>
<allowColumnReorder>false</allowColumnReorder>
<existDependencyGenerateInDDl>true</existDependencyGenerateInDDl>
<parsed>true</parsed>
<columns itemClass="oracle.dbtools.crest.model.design.relational.Column">
<Column name="superficie" id="02FD3D56-AC8E-9159-29FD-96201B2C29AD">
<createdBy>alvaro</createdBy>
<createdTime>2020-11-20 09:47:27 UTC</createdTime>
<generatorID>FD5880C7-2A48-1F49-6D38-84CD5C85B386</generatorID>
<ownerDesignName>horario-instituto</ownerDesignName>
<nullsAllowed>true</nullsAllowed>
<use>0</use>
<ownDataTypeParameters>,,</ownDataTypeParameters>
<autoIncrementCycle>false</autoIncrementCycle>
</Column>
<Column name="codigoaula" id="E2CD66EF-B9C2-7F00-8B2D-8741D1DEC21C">
<createdBy>alvaro</createdBy>
<createdTime>2020-11-20 09:47:27 UTC</createdTime>
<generatorID>46BDF645-6D41-BE54-DE68-7496E0FDC6D9</generatorID>
<ownerDesignName>horario-instituto</ownerDesignName>
<use>0</use>
<ownDataTypeParameters>,,</ownDataTypeParameters>
<autoIncrementCycle>false</autoIncrementCycle>
</Column>
<Column name="nombreaula" id="BEEDC23E-0006-5015-C78B-256C1D4DC4C9">
<createdBy>alvaro</createdBy>
<createdTime>2020-11-20 09:47:27 UTC</createdTime>
<generatorID>FDD433C2-E921-7F17-5E60-7974B6BE513C</generatorID>
<ownerDesignName>horario-instituto</ownerDesignName>
<nullsAllowed>true</nullsAllowed>
<use>0</use>
<ownDataTypeParameters>,,</ownDataTypeParameters>
<autoIncrementCycle>false</autoIncrementCycle>
</Column>
<Column name="numeroaula" id="34E0E1A4-5073-F6FE-BE09-DBFA9BDF2F0D">
<createdBy>alvaro</createdBy>
<createdTime>2020-11-20 09:47:27 UTC</createdTime>
<generatorID>AAE33911-61FE-B9EE-C4D7-8B9C1C9941AD</generatorID>
<ownerDesignName>horario-instituto</ownerDesignName>
<nullsAllowed>true</nullsAllowed>
<use>0</use>
<ownDataTypeParameters>,,</ownDataTypeParameters>
<autoIncrementCycle>false</autoIncrementCycle>
</Column>
</columns>
<indexes itemClass="oracle.dbtools.crest.model.design.relational.Index">
<ind_PK_UK id="B40545F2-3DB6-8D4C-1346-CBED6690447D" name="Aula_PK">
<createdBy>alvaro</createdBy>
<createdTime>2020-11-20 09:47:27 UTC</createdTime>
<generatorID>9F58B643-F5F5-6282-0BBE-32340D352B8C</generatorID>
<ownerDesignName>horario-instituto</ownerDesignName>
<pk>true</pk>
<indexState>Primary Constraint</indexState>
<isSurrogateKey>false</isSurrogateKey>
<indexColumnUsage>
<colUsage columnID="E2CD66EF-B9C2-7F00-8B2D-8741D1DEC21C"/>
</indexColumnUsage>
</ind_PK_UK>
</indexes>
</Table>