<?xml version = '1.0' encoding = 'UTF-8'?>
<Table class="oracle.dbtools.crest.model.design.relational.Table" directorySegmentName="seg_0" id="C456C237-339F-6526-C51B-1E04E5D17C72" name="Horario">
<createdBy>alvaro</createdBy>
<createdTime>2020-11-20 09:47:27 UTC</createdTime>
<generatorID>728A22AF-D35C-E465-23DB-BCDA0D0B14C1</generatorID>
<ownerDesignName>horario-instituto</ownerDesignName>
<allowColumnReorder>false</allowColumnReorder>
<existDependencyGenerateInDDl>true</existDependencyGenerateInDDl>
<parsed>true</parsed>
<columns itemClass="oracle.dbtools.crest.model.design.relational.Column">
<Column name="dia" id="3CC75B62-F0A3-4F73-7022-8FCE9BCBCC2B">
<createdBy>alvaro</createdBy>
<createdTime>2020-11-20 09:47:27 UTC</createdTime>
<generatorID>09FEF7D8-BD69-8215-07E2-D0E16CC69199</generatorID>
<ownerDesignName>horario-instituto</ownerDesignName>
<use>0</use>
<ownDataTypeParameters>,,</ownDataTypeParameters>
<autoIncrementCycle>false</autoIncrementCycle>
</Column>
<Column name="hora" id="67FB8D87-1219-9AAE-B0C1-4ED4BFEB562C">
<createdBy>alvaro</createdBy>
<createdTime>2020-11-20 09:47:27 UTC</createdTime>
<generatorID>3B31569A-3E12-3971-9FB3-916EB4255939</generatorID>
<ownerDesignName>horario-instituto</ownerDesignName>
<use>0</use>
<ownDataTypeParameters>,,</ownDataTypeParameters>
<autoIncrementCycle>false</autoIncrementCycle>
</Column>
<Column name="OfertaAsignatura_codigointernocentro" id="8E290546-8945-4C1F-DF4E-1A1F5B51C617">
<createdBy>alvaro</createdBy>
<createdTime>2020-11-20 09:47:27 UTC</createdTime>
<generatorID>5FC1BFCF-4ECB-2042-1F90-43FEAE66ABB8</generatorID>
<ownerDesignName>horario-instituto</ownerDesignName>
<use>0</use>
<ownDataTypeParameters>,,</ownDataTypeParameters>
<previousColumn>false</previousColumn>
<autoIncrementCycle>false</autoIncrementCycle>
<associations>
<colAssociation fkAssociation="F7F6174F-C810-9A95-A2E4-B46A48C45B53" referredColumn="DC27CC67-B405-B728-AF0D-834F3327CD87"/>
</associations>
</Column>
<Column name="Aula_codigoaula" id="DA381D28-0A53-03D6-272C-09F33F7F0A12">
<createdBy>alvaro</createdBy>
<createdTime>2020-11-20 09:47:27 UTC</createdTime>
<generatorID>D80AF920-ED85-5E42-3DCA-C40B5E2A3710</generatorID>
<ownerDesignName>horario-instituto</ownerDesignName>
<use>0</use>
<ownDataTypeParameters>,,</ownDataTypeParameters>
<previousColumn>false</previousColumn>
<autoIncrementCycle>false</autoIncrementCycle>
<associations>
<colAssociation fkAssociation="A0EABCC2-6B82-EDCA-144A-868E2F6E1029" referredColumn="E2CD66EF-B9C2-7F00-8B2D-8741D1DEC21C"/>
</associations>
</Column>
</columns>
<indexes itemClass="oracle.dbtools.crest.model.design.relational.Index">
<ind_PK_UK id="DA6E6600-A530-B21D-3039-D1DE48CB9D3C" name="Horario_PK">
<createdBy>alvaro</createdBy>
<createdTime>2020-11-20 09:47:27 UTC</createdTime>
<generatorID>8DCB6ADA-2F4A-5688-3223-4EC21B041A99</generatorID>
<ownerDesignName>horario-instituto</ownerDesignName>
<pk>true</pk>
<indexState>Primary Constraint</indexState>
<isSurrogateKey>false</isSurrogateKey>
<indexColumnUsage>
<colUsage columnID="3CC75B62-F0A3-4F73-7022-8FCE9BCBCC2B"/>
<colUsage columnID="67FB8D87-1219-9AAE-B0C1-4ED4BFEB562C"/>
<colUsage columnID="8E290546-8945-4C1F-DF4E-1A1F5B51C617"/>
<colUsage columnID="DA381D28-0A53-03D6-272C-09F33F7F0A12"/>
</indexColumnUsage>
</ind_PK_UK>
<ind_PK_UK id="3795E53F-6A36-AA2C-9849-58D2FBEE1643" name="Horario_OfertaAsignatura_FK">
<createdBy>alvaro</createdBy>
<createdTime>2020-11-20 09:47:27 UTC</createdTime>
<generatorID>698996B2-A3BC-7A3D-5AA3-AEBB6E77D436</generatorID>
<ownerDesignName>horario-instituto</ownerDesignName>
<indexState>Foreign Key</indexState>
<isSurrogateKey>false</isSurrogateKey>
<indexColumnUsage>
<colUsage columnID="8E290546-8945-4C1F-DF4E-1A1F5B51C617"/>
</indexColumnUsage>
</ind_PK_UK>
<ind_PK_UK id="4DC9FAB5-D36F-E783-58A4-8EAB504C8137" name="Horario_Aula_FK">
<createdBy>alvaro</createdBy>
<createdTime>2020-11-20 09:47:27 UTC</createdTime>
<generatorID>B838C3DC-70EB-7582-8731-83C026D1BDD0</generatorID>
<ownerDesignName>horario-instituto</ownerDesignName>
<indexState>Foreign Key</indexState>
<isSurrogateKey>false</isSurrogateKey>
<indexColumnUsage>
<colUsage columnID="DA381D28-0A53-03D6-272C-09F33F7F0A12"/>
</indexColumnUsage>
</ind_PK_UK>
</indexes>
</Table>