<?xml version = '1.0' encoding = 'UTF-8'?>
<Table class="oracle.dbtools.crest.model.design.relational.Table" directorySegmentName="seg_0" id="D8C1EC29-FF1E-DF4A-9D78-BCF33D92DB0F" name="se_cursa_en">
<createdBy>alvaro</createdBy>
<createdTime>2020-11-20 09:47:27 UTC</createdTime>
<ownerDesignName>horario-instituto</ownerDesignName>
<allowColumnReorder>false</allowColumnReorder>
<existDependencyGenerateInDDl>true</existDependencyGenerateInDDl>
<parsed>true</parsed>
<columns itemClass="oracle.dbtools.crest.model.design.relational.Column">
<Column name="Asignatura_codigoeuropeo" id="5D3B37EB-5F58-27E2-AE2A-F2D3E2560192">
<createdBy>alvaro</createdBy>
<createdTime>2020-11-20 09:47:27 UTC</createdTime>
<ownerDesignName>horario-instituto</ownerDesignName>
<use>0</use>
<ownDataTypeParameters>,,</ownDataTypeParameters>
<previousColumn>false</previousColumn>
<autoIncrementCycle>false</autoIncrementCycle>
<associations>
<colAssociation fkAssociation="86392A65-98FD-2E0A-AC5A-4F648C09A19A" referredColumn="D4D4E2E5-CA7F-9AFF-BB86-D9E57A19132A"/>
</associations>
</Column>
<Column name="Ciclo_nombreciclo" id="A237FEA8-98E7-9527-4F6B-DDF139793301">
<createdBy>alvaro</createdBy>
<createdTime>2020-11-20 09:47:27 UTC</createdTime>
<ownerDesignName>horario-instituto</ownerDesignName>
<use>0</use>
<ownDataTypeParameters>,,</ownDataTypeParameters>
<previousColumn>false</previousColumn>
<autoIncrementCycle>false</autoIncrementCycle>
<associations>
<colAssociation fkAssociation="7D739070-07D1-993C-5B76-580A01D77EA4" referredColumn="D096FEFA-2814-1473-84B6-F0A70751E934"/>
</associations>
</Column>
</columns>
<indexes itemClass="oracle.dbtools.crest.model.design.relational.Index">
<ind_PK_UK id="69903B77-A48B-A026-83F3-D638A96FCE07" name="se_cursa_en_PK">
<createdBy>alvaro</createdBy>
<createdTime>2020-11-20 09:47:27 UTC</createdTime>
<ownerDesignName>horario-instituto</ownerDesignName>
<pk>true</pk>
<indexState>Primary Constraint</indexState>
<isSurrogateKey>false</isSurrogateKey>
<indexColumnUsage>
<colUsage columnID="5D3B37EB-5F58-27E2-AE2A-F2D3E2560192"/>
<colUsage columnID="A237FEA8-98E7-9527-4F6B-DDF139793301"/>
</indexColumnUsage>
</ind_PK_UK>
<ind_PK_UK id="94B4DD78-A720-01CF-F679-5DC27FE86BC6" name="se_cursa_en_Asignatura_FK">
<createdBy>alvaro</createdBy>
<createdTime>2020-11-20 09:47:27 UTC</createdTime>
<generatorID>EDB3AE5F-BFD9-F6D2-5384-0EF14C199F7A</generatorID>
<ownerDesignName>horario-instituto</ownerDesignName>
<indexState>Foreign Key</indexState>
<isSurrogateKey>false</isSurrogateKey>
<indexColumnUsage>
<colUsage columnID="5D3B37EB-5F58-27E2-AE2A-F2D3E2560192"/>
</indexColumnUsage>
</ind_PK_UK>
<ind_PK_UK id="906A7C33-17AF-7DE9-C2D1-0DE1BFB57174" name="se_cursa_en_Ciclo_FK">
<createdBy>alvaro</createdBy>
<createdTime>2020-11-20 09:47:27 UTC</createdTime>
<generatorID>EDB3AE5F-BFD9-F6D2-5384-0EF14C199F7A</generatorID>
<ownerDesignName>horario-instituto</ownerDesignName>
<indexState>Foreign Key</indexState>
<isSurrogateKey>false</isSurrogateKey>
<indexColumnUsage>
<colUsage columnID="A237FEA8-98E7-9527-4F6B-DDF139793301"/>
</indexColumnUsage>
</ind_PK_UK>
</indexes>
</Table>