<?xml version = '1.0' encoding = 'UTF-8'?>
<Table class="oracle.dbtools.crest.model.design.relational.Table" directorySegmentName="seg_0" id="F83F72E2-664B-08C2-22F2-D0A6A51B5415" name="Ciclo">
<createdBy>alvaro</createdBy>
<createdTime>2020-11-20 09:47:27 UTC</createdTime>
<generatorID>8FCD89BB-8242-9965-21E3-7968E6534A79</generatorID>
<ownerDesignName>horario-instituto</ownerDesignName>
<allowColumnReorder>false</allowColumnReorder>
<existDependencyGenerateInDDl>true</existDependencyGenerateInDDl>
<parsed>true</parsed>
<columns itemClass="oracle.dbtools.crest.model.design.relational.Column">
<Column name="nombreciclo" id="D096FEFA-2814-1473-84B6-F0A70751E934">
<createdBy>alvaro</createdBy>
<createdTime>2020-11-20 09:47:27 UTC</createdTime>
<generatorID>DFBF3A65-3187-9BA1-7AA8-38C8A68747E2</generatorID>
<ownerDesignName>horario-instituto</ownerDesignName>
<use>0</use>
<ownDataTypeParameters>,,</ownDataTypeParameters>
<autoIncrementCycle>false</autoIncrementCycle>
</Column>
<Column name="nivel" id="8D9FC424-3236-29E5-B6E8-33C741C9C589">
<createdBy>alvaro</createdBy>
<createdTime>2020-11-20 09:47:27 UTC</createdTime>
<generatorID>13D14311-0FFE-0E03-8F8F-DA26C862F7A5</generatorID>
<ownerDesignName>horario-instituto</ownerDesignName>
<nullsAllowed>true</nullsAllowed>
<use>0</use>
<ownDataTypeParameters>,,</ownDataTypeParameters>
<autoIncrementCycle>false</autoIncrementCycle>
</Column>
</columns>
<indexes itemClass="oracle.dbtools.crest.model.design.relational.Index">
<ind_PK_UK id="752F8F7A-B0D4-76F3-461F-2A6F582BBB46" name="Ciclo_PK">
<createdBy>alvaro</createdBy>
<createdTime>2020-11-20 09:47:27 UTC</createdTime>
<generatorID>FC830D0B-B3A5-9946-7482-6116B25BE3A3</generatorID>
<ownerDesignName>horario-instituto</ownerDesignName>
<pk>true</pk>
<indexState>Primary Constraint</indexState>
<isSurrogateKey>false</isSurrogateKey>
<indexColumnUsage>
<colUsage columnID="D096FEFA-2814-1473-84B6-F0A70751E934"/>
</indexColumnUsage>
</ind_PK_UK>
</indexes>
</Table>