<?xml version = '1.0' encoding = 'UTF-8'?>
<Table class="oracle.dbtools.crest.model.design.relational.Table" directorySegmentName="seg_0" id="F8F0F36F-7A3B-B855-9B35-17AEBBA08748" name="OfertaAsignatura">
<createdBy>alvaro</createdBy>
<createdTime>2020-11-20 09:47:27 UTC</createdTime>
<generatorID>A14D740C-62AD-6147-A61B-260CBBD7765B</generatorID>
<ownerDesignName>horario-instituto</ownerDesignName>
<allowColumnReorder>false</allowColumnReorder>
<existDependencyGenerateInDDl>true</existDependencyGenerateInDDl>
<parsed>true</parsed>
<columns itemClass="oracle.dbtools.crest.model.design.relational.Column">
<Column name="codigointernocentro" id="DC27CC67-B405-B728-AF0D-834F3327CD87">
<createdBy>alvaro</createdBy>
<createdTime>2020-11-20 09:47:27 UTC</createdTime>
<generatorID>540AB851-8753-E90E-26BB-A92FBE408D48</generatorID>
<ownerDesignName>horario-instituto</ownerDesignName>
<use>0</use>
<ownDataTypeParameters>,,</ownDataTypeParameters>
<autoIncrementCycle>false</autoIncrementCycle>
</Column>
<Column name="Asignatura_codigoeuropeo" id="DC46CF08-F423-D26C-1F6D-1053D8939249">
<createdBy>alvaro</createdBy>
<createdTime>2020-11-20 09:47:27 UTC</createdTime>
<generatorID>9B3C74E3-250E-8173-FE4F-ED88966AD56B</generatorID>
<ownerDesignName>horario-instituto</ownerDesignName>
<use>0</use>
<ownDataTypeParameters>,,</ownDataTypeParameters>
<previousColumn>false</previousColumn>
<autoIncrementCycle>false</autoIncrementCycle>
<associations>
<colAssociation fkAssociation="43B374E2-E467-C638-957C-563FCF4C902F" referredColumn="D4D4E2E5-CA7F-9AFF-BB86-D9E57A19132A"/>
</associations>
</Column>
<Column name="OfertaCiclo_curso" id="AB9A78F9-B715-B9CF-A3DA-F37B29CFBEA0">
<createdBy>alvaro</createdBy>
<createdTime>2020-11-20 09:47:27 UTC</createdTime>
<generatorID>1A4520D6-70F6-CB7A-FC84-D6AD78ADB00B</generatorID>
<ownerDesignName>horario-instituto</ownerDesignName>
<use>0</use>
<ownDataTypeParameters>,,</ownDataTypeParameters>
<previousColumn>false</previousColumn>
<autoIncrementCycle>false</autoIncrementCycle>
<associations>
<colAssociation fkAssociation="781067C0-B61E-E0DA-4D7F-9CC079157BFA" referredColumn="3BC5D9E7-4343-F146-1979-68A00C2DB84D"/>
</associations>
</Column>
<Column name="OfertaCiclo_codigooficialdecicloesteaño" id="834E3CD3-5A19-D5DD-3281-21DBD5308A42">
<createdBy>alvaro</createdBy>
<createdTime>2020-11-20 09:47:27 UTC</createdTime>
<generatorID>667CFAD6-B249-B06C-692F-B56EAB8E6F34</generatorID>
<ownerDesignName>horario-instituto</ownerDesignName>
<use>0</use>
<ownDataTypeParameters>,,</ownDataTypeParameters>
<previousColumn>false</previousColumn>
<autoIncrementCycle>false</autoIncrementCycle>
<associations>
<colAssociation fkAssociation="781067C0-B61E-E0DA-4D7F-9CC079157BFA" referredColumn="A05E05E2-2E2B-8FE3-178B-7B8285F8EC35"/>
</associations>
</Column>
</columns>
<indexes itemClass="oracle.dbtools.crest.model.design.relational.Index">
<ind_PK_UK id="1EC5C8B9-5633-E3E1-6230-BB6BBBD04602" name="OfertaAsignatura_PK">
<createdBy>alvaro</createdBy>
<createdTime>2020-11-20 09:47:27 UTC</createdTime>
<generatorID>81CC830C-B8E9-C456-2B59-316B39F75915</generatorID>
<ownerDesignName>horario-instituto</ownerDesignName>
<pk>true</pk>
<indexState>Primary Constraint</indexState>
<isSurrogateKey>false</isSurrogateKey>
<indexColumnUsage>
<colUsage columnID="DC27CC67-B405-B728-AF0D-834F3327CD87"/>
</indexColumnUsage>
</ind_PK_UK>
<ind_PK_UK id="07D82662-D9B0-DA72-9F64-C632E880BFC2" name="OfertaAsignatura_Asignatura_FK">
<createdBy>alvaro</createdBy>
<createdTime>2020-11-20 09:47:27 UTC</createdTime>
<generatorID>40C8D168-0DD2-5CC9-BC08-A5C544AD12BF</generatorID>
<ownerDesignName>horario-instituto</ownerDesignName>
<indexState>Foreign Key</indexState>
<isSurrogateKey>false</isSurrogateKey>
<indexColumnUsage>
<colUsage columnID="DC46CF08-F423-D26C-1F6D-1053D8939249"/>
</indexColumnUsage>
</ind_PK_UK>
<ind_PK_UK id="3882BBB3-99F7-A4E3-CE21-E2ADE8D91E0F" name="OfertaAsignatura_OfertaCiclo_FK">
<createdBy>alvaro</createdBy>
<createdTime>2020-11-20 09:47:27 UTC</createdTime>
<generatorID>4055C357-BF73-B04C-7FA2-3F8916CD7A8C</generatorID>
<ownerDesignName>horario-instituto</ownerDesignName>
<indexState>Foreign Key</indexState>
<isSurrogateKey>false</isSurrogateKey>
<indexColumnUsage>
<colUsage columnID="AB9A78F9-B715-B9CF-A3DA-F37B29CFBEA0"/>
<colUsage columnID="834E3CD3-5A19-D5DD-3281-21DBD5308A42"/>
</indexColumnUsage>
</ind_PK_UK>
</indexes>
</Table>