<?xml version = '1.0' encoding = 'UTF-8'?>
<Diagram class="oracle.dbtools.crest.swingui.logical.DPVLogical" name="Logical" id="00791E1F-B3E8-E762-CF77-95CBFB188102">
<createdBy>alvaro</createdBy>
<modifiedBy>alvaro</modifiedBy>
<createdTime>2017-10-23 07:25:16 UTC</createdTime>
<autoRoute>false</autoRoute>
<boxInbox>true</boxInbox>
<showLegend>false</showLegend>
<showLabels>false</showLabels>
<showRelAttributes>false</showRelAttributes>
<gridEnabled>false</gridEnabled>
<showGrid>false</showGrid>
<diagramColor>-1</diagramColor>
<display>false</display>
<notation>1</notation>
<objectViews>
<OView class="oracle.dbtools.crest.swingui.logical.TVEntity" oid="177C755F-3113-AC29-E752-23EC375D3105" otype="Entity" vid="14ECF782-8A6E-1B26-69EB-FB8A38C32116">
<hideElementsInCurrentOnly>false</hideElementsInCurrentOnly>
<bounds x="153" y="73" width="170" height="70"/>
</OView>
<OView class="oracle.dbtools.crest.swingui.logical.TVEntity" oid="547072FA-0AD4-E062-2B45-887B7EBAF95C" otype="Entity" vid="835F4DEF-3FD2-ED9C-EF4A-FECDA19A89F7">
<hideElementsInCurrentOnly>false</hideElementsInCurrentOnly>
<bounds x="692" y="197" width="170" height="110"/>
</OView>
<OView class="oracle.dbtools.crest.swingui.logical.TVEntity" oid="5688A571-19FB-B8A9-463D-09F3AD24E812" otype="Entity" vid="E04AAF58-0CE1-B980-F68E-65A5FFE2A8EF">
<hideElementsInCurrentOnly>false</hideElementsInCurrentOnly>
<bounds x="397" y="361" width="170" height="82"/>
</OView>
<OView class="oracle.dbtools.crest.swingui.logical.TVEntity" oid="728A22AF-D35C-E465-23DB-BCDA0D0B14C1" otype="Entity" vid="F85CC2F9-1E0D-B122-E131-AC8952718EBF">
<hideElementsInCurrentOnly>false</hideElementsInCurrentOnly>
<bounds x="562" y="234" width="67" height="62"/>
</OView>
<OView class="oracle.dbtools.crest.swingui.logical.TVEntity" oid="8FCD89BB-8242-9965-21E3-7968E6534A79" otype="Entity" vid="AB0D5382-C9C9-1984-1CB5-8158496C0DA9">
<hideElementsInCurrentOnly>false</hideElementsInCurrentOnly>
<bounds x="152" y="409" width="170" height="69"/>
</OView>
<OView class="oracle.dbtools.crest.swingui.logical.TVEntity" oid="93698FC7-1D9E-3B73-04C0-28032CA12203" otype="Entity" vid="BB06F0A2-BDE2-BD4B-801A-594AE0A4C034">
<hideElementsInCurrentOnly>false</hideElementsInCurrentOnly>
<bounds x="565" y="17" width="140" height="121"/>
</OView>
<OView class="oracle.dbtools.crest.swingui.TVNote" oid="98A7B4EF-316E-55EB-4E82-D11B770DA9D3" otype="Note" vid="06981712-CA3F-41F1-F1A9-5450CC2618B1">
<hideElementsInCurrentOnly>false</hideElementsInCurrentOnly>
<bounds x="78" y="163" width="138" height="117"/>
<comment>Esta relación no se pide en el enunciado, pero sería lógico que estuviera en un programa de creación de horarios, para facilitar el comienzo de un curso</comment>
</OView>
<OView class="oracle.dbtools.crest.swingui.logical.TVEntity" oid="A14D740C-62AD-6147-A61B-260CBBD7765B" otype="Entity" vid="7B8DFA30-C762-A895-7FDF-C3C22D34B175">
<hideElementsInCurrentOnly>false</hideElementsInCurrentOnly>
<bounds x="321" y="227" width="170" height="81"/>
</OView>
</objectViews>
<connectors>
<Connector class="oracle.dbtools.crest.swingui.logical.TVRelation" oid="2E6E8A5C-3C3C-21FB-9829-45BF19B90F1E" otype="Relation" vid_source="14ECF782-8A6E-1B26-69EB-FB8A38C32116" vid_target="BB06F0A2-BDE2-BD4B-801A-594AE0A4C034">
<hideElementsInCurrentOnly>false</hideElementsInCurrentOnly>
<backgroundColor>-16777216</backgroundColor>
<lineWidth>1</lineWidth>
<points>
<point x="323" y="105"/>
<point x="565" y="105"/>
</points>
</Connector>
<Connector class="oracle.dbtools.crest.swingui.logical.TVRelation" oid="4055C357-BF73-B04C-7FA2-3F8916CD7A8C" otype="Relation" vid_source="E04AAF58-0CE1-B980-F68E-65A5FFE2A8EF" vid_target="7B8DFA30-C762-A895-7FDF-C3C22D34B175">
<hideElementsInCurrentOnly>false</hideElementsInCurrentOnly>
<backgroundColor>-16777216</backgroundColor>
<lineWidth>1</lineWidth>
<points>
<point x="444" y="361"/>
<point x="444" y="308"/>
</points>
</Connector>
<Connector class="oracle.dbtools.crest.swingui.logical.TVRelation" oid="408E36AC-94A8-4950-BA6F-631AF759764E" otype="Relation" vid_source="AB0D5382-C9C9-1984-1CB5-8158496C0DA9" vid_target="E04AAF58-0CE1-B980-F68E-65A5FFE2A8EF">
<hideElementsInCurrentOnly>false</hideElementsInCurrentOnly>
<backgroundColor>-16777216</backgroundColor>
<lineWidth>1</lineWidth>
<points>
<point x="322" y="426"/>
<point x="397" y="426"/>
</points>
</Connector>
<Connector class="oracle.dbtools.crest.swingui.logical.TVRelation" oid="40C8D168-0DD2-5CC9-BC08-A5C544AD12BF" otype="Relation" vid_source="14ECF782-8A6E-1B26-69EB-FB8A38C32116" vid_target="7B8DFA30-C762-A895-7FDF-C3C22D34B175">
<hideElementsInCurrentOnly>false</hideElementsInCurrentOnly>
<backgroundColor>-16777216</backgroundColor>
<lineWidth>1</lineWidth>
<points>
<point x="322" y="143"/>
<point x="322" y="227"/>
</points>
</Connector>
<Connector class="oracle.dbtools.crest.swingui.logical.TVRelation" oid="57DFDD1E-78EE-E7FA-7C56-5CE2D177BB36" otype="Relation" vid_source="7B8DFA30-C762-A895-7FDF-C3C22D34B175" vid_target="BB06F0A2-BDE2-BD4B-801A-594AE0A4C034">
<hideElementsInCurrentOnly>false</hideElementsInCurrentOnly>
<backgroundColor>-16777216</backgroundColor>
<lineWidth>1</lineWidth>
<points>
<point x="454" y="227"/>
<point x="565" y="135"/>
</points>
</Connector>
<Connector class="oracle.dbtools.crest.swingui.logical.TVRelation" oid="698996B2-A3BC-7A3D-5AA3-AEBB6E77D436" otype="Relation" vid_source="F85CC2F9-1E0D-B122-E131-AC8952718EBF" vid_target="7B8DFA30-C762-A895-7FDF-C3C22D34B175">
<hideElementsInCurrentOnly>false</hideElementsInCurrentOnly>
<backgroundColor>-16777216</backgroundColor>
<lineWidth>1</lineWidth>
<points>
<point x="562" y="280"/>
<point x="491" y="280"/>
</points>
</Connector>
<Connector class="oracle.dbtools.crest.swingui.logical.TVRelation" oid="B838C3DC-70EB-7582-8731-83C026D1BDD0" otype="Relation" vid_source="F85CC2F9-1E0D-B122-E131-AC8952718EBF" vid_target="835F4DEF-3FD2-ED9C-EF4A-FECDA19A89F7">
<hideElementsInCurrentOnly>false</hideElementsInCurrentOnly>
<backgroundColor>-16777216</backgroundColor>
<lineWidth>1</lineWidth>
<points>
<point x="629" y="280"/>
<point x="692" y="280"/>
</points>
</Connector>
<Connector class="oracle.dbtools.crest.swingui.logical.TVRelation" oid="EDB3AE5F-BFD9-F6D2-5384-0EF14C199F7A" otype="Relation" vid_source="14ECF782-8A6E-1B26-69EB-FB8A38C32116" vid_target="AB0D5382-C9C9-1984-1CB5-8158496C0DA9">
<hideElementsInCurrentOnly>false</hideElementsInCurrentOnly>
<backgroundColor>-16777216</backgroundColor>
<lineWidth>1</lineWidth>
<points>
<point x="237" y="143"/>
<point x="237" y="409"/>
</points>
</Connector>
</connectors>
</Diagram>