<?xml version = '1.0' encoding = 'UTF-8'?>
<Relation class="oracle.dbtools.crest.model.design.logical.Relation" name="tiene_antigüedad" directorySegmentName="seg_0" id="2E6E8A5C-3C3C-21FB-9829-45BF19B90F1E">
<createdBy>alvaro</createdBy>
<createdTime>2017-10-23 07:38:48 UTC</createdTime>
<ownerDesignName>horario-instituto</ownerDesignName>
<engineerTo>
<item key="0F981BFE-FD83-17ED-B2A5-85A02E56A2D8" value="true"/>
</engineerTo>
<identifying>false</identifying>
<optionalSource>true</optionalSource>
<optionalTarget>false</optionalTarget>
<sourceCardinality>*</sourceCardinality>
<sourceEntity>177C755F-3113-AC29-E752-23EC375D3105</sourceEntity>
<targetCardinalityString>*</targetCardinalityString>
<targetEntity>93698FC7-1D9E-3B73-04C0-28032CA12203</targetEntity>
<transferable>true</transferable>
<deleteRule>NO ACTION</deleteRule>
<attributes itemClass="oracle.dbtools.crest.model.design.logical.Attribute">
<attribute name="antigüedad" id="E07FEDEB-737F-9F69-5791-9A7D1F057F39">
<createdBy>alvaro</createdBy>
<createdTime>2017-10-23 07:39:01 UTC</createdTime>
<ownerDesignName>horario-instituto</ownerDesignName>
<engineerTo>
<item key="0F981BFE-FD83-17ED-B2A5-85A02E56A2D8" value="true"/>
</engineerTo>
<nullsAllowed>true</nullsAllowed>
<use>0</use>
<ownDataTypeParameters>,,</ownDataTypeParameters>
</attribute>
</attributes>
</Relation>