<?xml version = '1.0' encoding = 'UTF-8'?>
<Relation class="oracle.dbtools.crest.model.design.logical.Relation" name="Relation_4" directorySegmentName="seg_0" id="4055C357-BF73-B04C-7FA2-3F8916CD7A8C">
<createdBy>alvaro</createdBy>
<createdTime>2017-10-23 07:35:48 UTC</createdTime>
<ownerDesignName>horario-instituto</ownerDesignName>
<engineerTo>
<item key="0F981BFE-FD83-17ED-B2A5-85A02E56A2D8" value="true"/>
</engineerTo>
<sourcePk>7BD4BA95-2CCD-904C-75B5-0F59A680F611</sourcePk>
<identifying>false</identifying>
<optionalSource>true</optionalSource>
<optionalTarget>false</optionalTarget>
<sourceCardinality>1</sourceCardinality>
<sourceEntity>5688A571-19FB-B8A9-463D-09F3AD24E812</sourceEntity>
<targetCardinalityString>*</targetCardinalityString>
<targetEntity>A14D740C-62AD-6147-A61B-260CBBD7765B</targetEntity>
<transferable>true</transferable>
<deleteRule>NO ACTION</deleteRule>
</Relation>