<?xml version = '1.0' encoding = 'UTF-8'?>
<Relation class="oracle.dbtools.crest.model.design.logical.Relation" name="Relation_2" directorySegmentName="seg_0" id="408E36AC-94A8-4950-BA6F-631AF759764E">
<createdBy>alvaro</createdBy>
<createdTime>2017-10-23 07:33:50 UTC</createdTime>
<ownerDesignName>horario-instituto</ownerDesignName>
<engineerTo>
<item key="0F981BFE-FD83-17ED-B2A5-85A02E56A2D8" value="true"/>
</engineerTo>
<sourcePk>FC830D0B-B3A5-9946-7482-6116B25BE3A3</sourcePk>
<identifying>false</identifying>
<optionalSource>true</optionalSource>
<optionalTarget>false</optionalTarget>
<sourceCardinality>1</sourceCardinality>
<sourceEntity>8FCD89BB-8242-9965-21E3-7968E6534A79</sourceEntity>
<targetCardinalityString>*</targetCardinalityString>
<targetEntity>5688A571-19FB-B8A9-463D-09F3AD24E812</targetEntity>
<transferable>true</transferable>
<deleteRule>NO ACTION</deleteRule>
</Relation>