<?xml version = '1.0' encoding = 'UTF-8'?>
<Relation class="oracle.dbtools.crest.model.design.logical.Relation" name="Relation_3" directorySegmentName="seg_0" id="40C8D168-0DD2-5CC9-BC08-A5C544AD12BF">
<createdBy>alvaro</createdBy>
<createdTime>2017-10-23 07:34:52 UTC</createdTime>
<ownerDesignName>horario-instituto</ownerDesignName>
<engineerTo>
<item key="0F981BFE-FD83-17ED-B2A5-85A02E56A2D8" value="true"/>
</engineerTo>
<sourcePk>36CCF0AD-CC37-2680-70C8-BCA224F6D12D</sourcePk>
<targetPk>81CC830C-B8E9-C456-2B59-316B39F75915</targetPk>
<identifying>false</identifying>
<optionalSource>true</optionalSource>
<optionalTarget>false</optionalTarget>
<sourceCardinality>1</sourceCardinality>
<sourceEntity>177C755F-3113-AC29-E752-23EC375D3105</sourceEntity>
<targetCardinalityString>*</targetCardinalityString>
<targetEntity>A14D740C-62AD-6147-A61B-260CBBD7765B</targetEntity>
<transferable>true</transferable>
<deleteRule>NO ACTION</deleteRule>
</Relation>