<?xml version = '1.0' encoding = 'UTF-8'?>
<Relation class="oracle.dbtools.crest.model.design.logical.Relation" name="Relation_6" directorySegmentName="seg_0" id="57DFDD1E-78EE-E7FA-7C56-5CE2D177BB36">
<createdBy>alvaro</createdBy>
<createdTime>2017-10-23 07:41:23 UTC</createdTime>
<ownerDesignName>horario-instituto</ownerDesignName>
<engineerTo>
<item key="0F981BFE-FD83-17ED-B2A5-85A02E56A2D8" value="true"/>
</engineerTo>
<identifying>false</identifying>
<optionalSource>true</optionalSource>
<optionalTarget>false</optionalTarget>
<sourceCardinality>*</sourceCardinality>
<sourceEntity>A14D740C-62AD-6147-A61B-260CBBD7765B</sourceEntity>
<targetCardinalityString>*</targetCardinalityString>
<targetEntity>93698FC7-1D9E-3B73-04C0-28032CA12203</targetEntity>
<transferable>true</transferable>
<deleteRule>NO ACTION</deleteRule>
<attributes itemClass="oracle.dbtools.crest.model.design.logical.Attribute">
<attribute name="fechainicio" id="411465A6-79C5-AAF3-34C6-EBA3F2E7A922">
<createdBy>alvaro</createdBy>
<createdTime>2017-10-23 07:41:29 UTC</createdTime>
<ownerDesignName>horario-instituto</ownerDesignName>
<engineerTo>
<item key="0F981BFE-FD83-17ED-B2A5-85A02E56A2D8" value="true"/>
</engineerTo>
<nullsAllowed>true</nullsAllowed>
<use>0</use>
<ownDataTypeParameters>,,</ownDataTypeParameters>
</attribute>
<attribute name="fechafin" id="3C972F96-7B3A-19B0-A79D-F3E84E3FFFBB">
<createdBy>alvaro</createdBy>
<createdTime>2017-10-23 07:41:47 UTC</createdTime>
<comment>	</comment>
<ownerDesignName>horario-instituto</ownerDesignName>
<engineerTo>
<item key="0F981BFE-FD83-17ED-B2A5-85A02E56A2D8" value="true"/>
</engineerTo>
<nullsAllowed>true</nullsAllowed>
<use>0</use>
<ownDataTypeParameters>,,</ownDataTypeParameters>
</attribute>
</attributes>
</Relation>