<?xml version = '1.0' encoding = 'UTF-8'?>
<Relation class="oracle.dbtools.crest.model.design.logical.Relation" name="Relation_10" directorySegmentName="seg_0" id="698996B2-A3BC-7A3D-5AA3-AEBB6E77D436">
<createdBy>alvaro</createdBy>
<createdTime>2020-11-20 09:39:15 UTC</createdTime>
<ownerDesignName>horario-instituto</ownerDesignName>
<sourcePk>8DCB6ADA-2F4A-5688-3223-4EC21B041A99</sourcePk>
<targetPk>81CC830C-B8E9-C456-2B59-316B39F75915</targetPk>
<identifying>true</identifying>
<optionalSource>false</optionalSource>
<optionalTarget>false</optionalTarget>
<sourceCardinality>*</sourceCardinality>
<sourceEntity>728A22AF-D35C-E465-23DB-BCDA0D0B14C1</sourceEntity>
<targetCardinalityString>1</targetCardinalityString>
<targetEntity>A14D740C-62AD-6147-A61B-260CBBD7765B</targetEntity>
<transferable>true</transferable>
<deleteRule>NO ACTION</deleteRule>
</Relation>