<?xml version = '1.0' encoding = 'UTF-8'?>
<Relation class="oracle.dbtools.crest.model.design.logical.Relation" name="Relation_11" directorySegmentName="seg_0" id="B838C3DC-70EB-7582-8731-83C026D1BDD0">
<createdBy>alvaro</createdBy>
<createdTime>2020-11-20 09:39:26 UTC</createdTime>
<ownerDesignName>horario-instituto</ownerDesignName>
<sourcePk>8DCB6ADA-2F4A-5688-3223-4EC21B041A99</sourcePk>
<targetPk>9F58B643-F5F5-6282-0BBE-32340D352B8C</targetPk>
<identifying>true</identifying>
<optionalSource>false</optionalSource>
<optionalTarget>false</optionalTarget>
<sourceCardinality>*</sourceCardinality>
<sourceEntity>728A22AF-D35C-E465-23DB-BCDA0D0B14C1</sourceEntity>
<targetCardinalityString>1</targetCardinalityString>
<targetEntity>547072FA-0AD4-E062-2B45-887B7EBAF95C</targetEntity>
<transferable>true</transferable>
<deleteRule>NO ACTION</deleteRule>
</Relation>