<?xml version = '1.0' encoding = 'UTF-8'?>
<Relation class="oracle.dbtools.crest.model.design.logical.Relation" name="se_cursa_en" directorySegmentName="seg_0" id="EDB3AE5F-BFD9-F6D2-5384-0EF14C199F7A">
<createdBy>alvaro</createdBy>
<createdTime>2017-10-23 07:29:18 UTC</createdTime>
<ownerDesignName>horario-instituto</ownerDesignName>
<engineerTo>
<item key="0F981BFE-FD83-17ED-B2A5-85A02E56A2D8" value="true"/>
</engineerTo>
<identifying>false</identifying>
<optionalSource>true</optionalSource>
<optionalTarget>false</optionalTarget>
<sourceCardinality>*</sourceCardinality>
<sourceEntity>177C755F-3113-AC29-E752-23EC375D3105</sourceEntity>
<targetCardinalityString>*</targetCardinalityString>
<targetEntity>8FCD89BB-8242-9965-21E3-7968E6534A79</targetEntity>
<transferable>true</transferable>
<deleteRule>NO ACTION</deleteRule>
</Relation>