<?xml version = '1.0' encoding = 'UTF-8'?>
<Entity class="oracle.dbtools.crest.model.design.logical.Entity" directorySegmentName="seg_0" id="177C755F-3113-AC29-E752-23EC375D3105" name="Asignatura">
<createdBy>alvaro</createdBy>
<createdTime>2017-10-23 07:27:05 UTC</createdTime>
<ownerDesignName>horario-instituto</ownerDesignName>
<engineerTo>
<item key="0F981BFE-FD83-17ED-B2A5-85A02E56A2D8" value="true"/>
</engineerTo>
<adequatelyNormalized>NO</adequatelyNormalized>
<expectedVolumes>0</expectedVolumes>
<fwdEngineeringStrategyName>Single Table</fwdEngineeringStrategyName>
<growthPercent>0</growthPercent>
<growthType>Year</growthType>
<maxVolumes>9999999</maxVolumes>
<minVolumes>0</minVolumes>
<normalForm>Third</normalForm>
<attributes itemClass="oracle.dbtools.crest.model.design.logical.Attribute">
<Attribute name="nombreasignatura" id="757643A3-CDF9-6F23-A3CB-BBD12B8C9776">
<createdBy>alvaro</createdBy>
<createdTime>2017-10-23 07:27:16 UTC</createdTime>
<ownerDesignName>horario-instituto</ownerDesignName>
<engineerTo>
<item key="0F981BFE-FD83-17ED-B2A5-85A02E56A2D8" value="true"/>
</engineerTo>
<nullsAllowed>true</nullsAllowed>
<use>0</use>
<ownDataTypeParameters>,,</ownDataTypeParameters>
</Attribute>
<Attribute name="codigoeuropeo" id="EB655808-CED9-0D4A-98BD-C44158665584">
<createdBy>alvaro</createdBy>
<createdTime>2017-10-23 07:27:46 UTC</createdTime>
<ownerDesignName>horario-instituto</ownerDesignName>
<engineerTo>
<item key="0F981BFE-FD83-17ED-B2A5-85A02E56A2D8" value="true"/>
</engineerTo>
<use>0</use>
<ownDataTypeParameters>,,</ownDataTypeParameters>
</Attribute>
</attributes>
<identifiers itemClass="oracle.dbtools.crest.model.design.logical.CandidateKey">
<identifier id="36CCF0AD-CC37-2680-70C8-BCA224F6D12D" name="Asignatura PK">
<createdBy>alvaro</createdBy>
<createdTime>2017-10-23 07:27:59 UTC</createdTime>
<ownerDesignName>horario-instituto</ownerDesignName>
<engineerTo>
<item key="0F981BFE-FD83-17ED-B2A5-85A02E56A2D8" value="true"/>
</engineerTo>
<pk>true</pk>
<usedAttributes>
<attributeRef>EB655808-CED9-0D4A-98BD-C44158665584</attributeRef>
</usedAttributes>
</identifier>
</identifiers>
</Entity>