<?xml version = '1.0' encoding = 'UTF-8'?>
<Entity class="oracle.dbtools.crest.model.design.logical.Entity" directorySegmentName="seg_0" id="547072FA-0AD4-E062-2B45-887B7EBAF95C" name="Aula">
<createdBy>alvaro</createdBy>
<createdTime>2017-10-23 07:42:29 UTC</createdTime>
<ownerDesignName>horario-instituto</ownerDesignName>
<adequatelyNormalized>NO</adequatelyNormalized>
<expectedVolumes>0</expectedVolumes>
<fwdEngineeringStrategyName>Single Table</fwdEngineeringStrategyName>
<growthPercent>0</growthPercent>
<growthType>Year</growthType>
<maxVolumes>9999999</maxVolumes>
<minVolumes>0</minVolumes>
<normalForm>Third</normalForm>
<attributes itemClass="oracle.dbtools.crest.model.design.logical.Attribute">
<Attribute name="superficie" id="FD5880C7-2A48-1F49-6D38-84CD5C85B386">
<createdBy>alvaro</createdBy>
<createdTime>2017-10-23 07:42:36 UTC</createdTime>
<ownerDesignName>horario-instituto</ownerDesignName>
<nullsAllowed>true</nullsAllowed>
<use>0</use>
<ownDataTypeParameters>,,</ownDataTypeParameters>
</Attribute>
<Attribute name="codigoaula" id="46BDF645-6D41-BE54-DE68-7496E0FDC6D9">
<createdBy>alvaro</createdBy>
<createdTime>2017-10-23 07:42:43 UTC</createdTime>
<ownerDesignName>horario-instituto</ownerDesignName>
<use>0</use>
<ownDataTypeParameters>,,</ownDataTypeParameters>
</Attribute>
<Attribute name="nombreaula" id="FDD433C2-E921-7F17-5E60-7974B6BE513C">
<createdBy>alvaro</createdBy>
<createdTime>2017-10-23 07:42:49 UTC</createdTime>
<ownerDesignName>horario-instituto</ownerDesignName>
<nullsAllowed>true</nullsAllowed>
<use>0</use>
<ownDataTypeParameters>,,</ownDataTypeParameters>
</Attribute>
<Attribute name="numeroaula" id="AAE33911-61FE-B9EE-C4D7-8B9C1C9941AD">
<createdBy>alvaro</createdBy>
<createdTime>2017-10-23 07:43:09 UTC</createdTime>
<ownerDesignName>horario-instituto</ownerDesignName>
<nullsAllowed>true</nullsAllowed>
<use>0</use>
<ownDataTypeParameters>,,</ownDataTypeParameters>
</Attribute>
</attributes>
<identifiers itemClass="oracle.dbtools.crest.model.design.logical.CandidateKey">
<identifier id="9F58B643-F5F5-6282-0BBE-32340D352B8C" name="Aula PK">
<createdBy>alvaro</createdBy>
<createdTime>2017-10-23 07:42:47 UTC</createdTime>
<ownerDesignName>horario-instituto</ownerDesignName>
<pk>true</pk>
<usedAttributes>
<attributeRef>46BDF645-6D41-BE54-DE68-7496E0FDC6D9</attributeRef>
</usedAttributes>
</identifier>
</identifiers>
</Entity>