<?xml version = '1.0' encoding = 'UTF-8'?>
<Entity class="oracle.dbtools.crest.model.design.logical.Entity" directorySegmentName="seg_0" id="5688A571-19FB-B8A9-463D-09F3AD24E812" name="OfertaCiclo">
<createdBy>alvaro</createdBy>
<createdTime>2017-10-23 07:31:56 UTC</createdTime>
<ownerDesignName>horario-instituto</ownerDesignName>
<engineerTo>
<item key="0F981BFE-FD83-17ED-B2A5-85A02E56A2D8" value="true"/>
</engineerTo>
<adequatelyNormalized>NO</adequatelyNormalized>
<expectedVolumes>0</expectedVolumes>
<fwdEngineeringStrategyName>Single Table</fwdEngineeringStrategyName>
<growthPercent>0</growthPercent>
<growthType>Year</growthType>
<maxVolumes>9999999</maxVolumes>
<minVolumes>0</minVolumes>
<normalForm>Third</normalForm>
<attributes itemClass="oracle.dbtools.crest.model.design.logical.Attribute">
<Attribute name="curso" id="7D360E4A-ED95-3112-C170-768A71F5B7FE">
<createdBy>alvaro</createdBy>
<createdTime>2017-10-23 07:32:18 UTC</createdTime>
<ownerDesignName>horario-instituto</ownerDesignName>
<engineerTo>
<item key="0F981BFE-FD83-17ED-B2A5-85A02E56A2D8" value="true"/>
</engineerTo>
<use>0</use>
<ownDataTypeParameters>,,</ownDataTypeParameters>
</Attribute>
<Attribute name="turno" id="93699363-94B3-8626-D6AA-13EBE757B14F">
<createdBy>alvaro</createdBy>
<createdTime>2017-10-23 07:32:25 UTC</createdTime>
<ownerDesignName>horario-instituto</ownerDesignName>
<engineerTo>
<item key="0F981BFE-FD83-17ED-B2A5-85A02E56A2D8" value="true"/>
</engineerTo>
<nullsAllowed>true</nullsAllowed>
<use>0</use>
<ownDataTypeParameters>,,</ownDataTypeParameters>
</Attribute>
<Attribute name="codigooficialdecicloesteaño" id="AA074F26-055F-D08C-A91B-38F4C2AB2E65">
<createdBy>alvaro</createdBy>
<createdTime>2017-10-23 07:32:37 UTC</createdTime>
<ownerDesignName>horario-instituto</ownerDesignName>
<engineerTo>
<item key="0F981BFE-FD83-17ED-B2A5-85A02E56A2D8" value="true"/>
</engineerTo>
<use>0</use>
<ownDataTypeParameters>,,</ownDataTypeParameters>
</Attribute>
<Attribute name="nombreciclo" id="A098A9E3-7544-7BF1-0E88-589ECE3D0E31">
<createdBy>alvaro</createdBy>
<createdTime>2017-10-23 07:33:50 UTC</createdTime>
<generatorID>408E36AC-94A8-4950-BA6F-631AF759764E</generatorID>
<ownerDesignName>horario-instituto</ownerDesignName>
<engineerTo>
<item key="0F981BFE-FD83-17ED-B2A5-85A02E56A2D8" value="true"/>
</engineerTo>
<referedAttribute>DFBF3A65-3187-9BA1-7AA8-38C8A68747E2</referedAttribute>
<use>0</use>
<ownDataTypeParameters>,,</ownDataTypeParameters>
</Attribute>
</attributes>
<identifiers itemClass="oracle.dbtools.crest.model.design.logical.CandidateKey">
<identifier id="7BD4BA95-2CCD-904C-75B5-0F59A680F611" name="OfertaCiclo PK">
<createdBy>alvaro</createdBy>
<createdTime>2017-10-23 07:45:31 UTC</createdTime>
<ownerDesignName>horario-instituto</ownerDesignName>
<engineerTo>
<item key="0F981BFE-FD83-17ED-B2A5-85A02E56A2D8" value="true"/>
</engineerTo>
<pk>true</pk>
<usedAttributes>
<attributeRef>7D360E4A-ED95-3112-C170-768A71F5B7FE</attributeRef>
<attributeRef>AA074F26-055F-D08C-A91B-38F4C2AB2E65</attributeRef>
</usedAttributes>
</identifier>
</identifiers>
</Entity>