<?xml version = '1.0' encoding = 'UTF-8'?>
<Entity class="oracle.dbtools.crest.model.design.logical.Entity" directorySegmentName="seg_0" id="728A22AF-D35C-E465-23DB-BCDA0D0B14C1" name="Horario">
<createdBy>alvaro</createdBy>
<createdTime>2020-11-20 09:38:50 UTC</createdTime>
<ownerDesignName>horario-instituto</ownerDesignName>
<adequatelyNormalized>NO</adequatelyNormalized>
<expectedVolumes>0</expectedVolumes>
<fwdEngineeringStrategyName>Single Table</fwdEngineeringStrategyName>
<growthPercent>0</growthPercent>
<growthType>Year</growthType>
<maxVolumes>9999999</maxVolumes>
<minVolumes>0</minVolumes>
<normalForm>Third</normalForm>
<attributes itemClass="oracle.dbtools.crest.model.design.logical.Attribute">
<Attribute name="dia" id="09FEF7D8-BD69-8215-07E2-D0E16CC69199">
<createdBy>alvaro</createdBy>
<createdTime>2020-11-20 09:38:58 UTC</createdTime>
<ownerDesignName>horario-instituto</ownerDesignName>
<use>0</use>
<ownDataTypeParameters>,,</ownDataTypeParameters>
</Attribute>
<Attribute name="hora" id="3B31569A-3E12-3971-9FB3-916EB4255939">
<createdBy>alvaro</createdBy>
<createdTime>2020-11-20 09:39:04 UTC</createdTime>
<ownerDesignName>horario-instituto</ownerDesignName>
<use>0</use>
<ownDataTypeParameters>,,</ownDataTypeParameters>
</Attribute>
<Attribute name="codigointernocentro" id="5FC1BFCF-4ECB-2042-1F90-43FEAE66ABB8">
<createdBy>alvaro</createdBy>
<createdTime>2020-11-20 09:39:21 UTC</createdTime>
<generatorID>698996B2-A3BC-7A3D-5AA3-AEBB6E77D436</generatorID>
<ownerDesignName>horario-instituto</ownerDesignName>
<referedAttribute>540AB851-8753-E90E-26BB-A92FBE408D48</referedAttribute>
<use>0</use>
<ownDataTypeParameters>,,</ownDataTypeParameters>
</Attribute>
<Attribute name="codigoaula" id="D80AF920-ED85-5E42-3DCA-C40B5E2A3710">
<createdBy>alvaro</createdBy>
<createdTime>2020-11-20 09:39:32 UTC</createdTime>
<generatorID>B838C3DC-70EB-7582-8731-83C026D1BDD0</generatorID>
<ownerDesignName>horario-instituto</ownerDesignName>
<referedAttribute>46BDF645-6D41-BE54-DE68-7496E0FDC6D9</referedAttribute>
<use>0</use>
<ownDataTypeParameters>,,</ownDataTypeParameters>
</Attribute>
</attributes>
<identifiers itemClass="oracle.dbtools.crest.model.design.logical.CandidateKey">
<identifier id="8DCB6ADA-2F4A-5688-3223-4EC21B041A99" name="Horario PK">
<createdBy>alvaro</createdBy>
<createdTime>2020-11-20 09:39:02 UTC</createdTime>
<ownerDesignName>horario-instituto</ownerDesignName>
<pk>true</pk>
<usedAttributes>
<attributeRef>09FEF7D8-BD69-8215-07E2-D0E16CC69199</attributeRef>
<attributeRef>3B31569A-3E12-3971-9FB3-916EB4255939</attributeRef>
<attributeRef>5FC1BFCF-4ECB-2042-1F90-43FEAE66ABB8</attributeRef>
<attributeRef>D80AF920-ED85-5E42-3DCA-C40B5E2A3710</attributeRef>
</usedAttributes>
</identifier>
</identifiers>
</Entity>