<?xml version = '1.0' encoding = 'UTF-8'?>
<Entity class="oracle.dbtools.crest.model.design.logical.Entity" directorySegmentName="seg_0" id="8FCD89BB-8242-9965-21E3-7968E6534A79" name="Ciclo">
<createdBy>alvaro</createdBy>
<createdTime>2017-10-23 07:28:14 UTC</createdTime>
<ownerDesignName>horario-instituto</ownerDesignName>
<engineerTo>
<item key="0F981BFE-FD83-17ED-B2A5-85A02E56A2D8" value="true"/>
</engineerTo>
<adequatelyNormalized>NO</adequatelyNormalized>
<expectedVolumes>0</expectedVolumes>
<fwdEngineeringStrategyName>Single Table</fwdEngineeringStrategyName>
<growthPercent>0</growthPercent>
<growthType>Year</growthType>
<maxVolumes>9999999</maxVolumes>
<minVolumes>0</minVolumes>
<normalForm>Third</normalForm>
<attributes itemClass="oracle.dbtools.crest.model.design.logical.Attribute">
<Attribute name="nombreciclo" id="DFBF3A65-3187-9BA1-7AA8-38C8A68747E2">
<createdBy>alvaro</createdBy>
<createdTime>2017-10-23 07:28:24 UTC</createdTime>
<ownerDesignName>horario-instituto</ownerDesignName>
<engineerTo>
<item key="0F981BFE-FD83-17ED-B2A5-85A02E56A2D8" value="true"/>
</engineerTo>
<use>0</use>
<ownDataTypeParameters>,,</ownDataTypeParameters>
</Attribute>
<Attribute name="nivel" id="13D14311-0FFE-0E03-8F8F-DA26C862F7A5">
<createdBy>alvaro</createdBy>
<createdTime>2017-10-23 07:28:33 UTC</createdTime>
<ownerDesignName>horario-instituto</ownerDesignName>
<engineerTo>
<item key="0F981BFE-FD83-17ED-B2A5-85A02E56A2D8" value="true"/>
</engineerTo>
<nullsAllowed>true</nullsAllowed>
<use>0</use>
<ownDataTypeParameters>,,</ownDataTypeParameters>
</Attribute>
</attributes>
<identifiers itemClass="oracle.dbtools.crest.model.design.logical.CandidateKey">
<identifier id="FC830D0B-B3A5-9946-7482-6116B25BE3A3" name="Ciclo PK">
<createdBy>alvaro</createdBy>
<createdTime>2017-10-23 07:28:40 UTC</createdTime>
<ownerDesignName>horario-instituto</ownerDesignName>
<engineerTo>
<item key="0F981BFE-FD83-17ED-B2A5-85A02E56A2D8" value="true"/>
</engineerTo>
<pk>true</pk>
<usedAttributes>
<attributeRef>DFBF3A65-3187-9BA1-7AA8-38C8A68747E2</attributeRef>
</usedAttributes>
</identifier>
</identifiers>
</Entity>