<?xml version = '1.0' encoding = 'UTF-8'?>
<Entity class="oracle.dbtools.crest.model.design.logical.Entity" directorySegmentName="seg_0" id="93698FC7-1D9E-3B73-04C0-28032CA12203" name="Profesor">
<createdBy>alvaro</createdBy>
<createdTime>2017-10-23 07:36:20 UTC</createdTime>
<ownerDesignName>horario-instituto</ownerDesignName>
<engineerTo>
<item key="0F981BFE-FD83-17ED-B2A5-85A02E56A2D8" value="true"/>
</engineerTo>
<adequatelyNormalized>NO</adequatelyNormalized>
<expectedVolumes>0</expectedVolumes>
<fwdEngineeringStrategyName>Single Table</fwdEngineeringStrategyName>
<growthPercent>0</growthPercent>
<growthType>Year</growthType>
<maxVolumes>9999999</maxVolumes>
<minVolumes>0</minVolumes>
<normalForm>Third</normalForm>
<attributes itemClass="oracle.dbtools.crest.model.design.logical.Attribute">
<Attribute name="nombre" id="72259C38-B331-504A-6B68-996CCEE15A6F">
<createdBy>alvaro</createdBy>
<createdTime>2017-10-23 07:36:36 UTC</createdTime>
<ownerDesignName>horario-instituto</ownerDesignName>
<engineerTo>
<item key="0F981BFE-FD83-17ED-B2A5-85A02E56A2D8" value="true"/>
</engineerTo>
<nullsAllowed>true</nullsAllowed>
<use>0</use>
<ownDataTypeParameters>,,</ownDataTypeParameters>
</Attribute>
<Attribute name="apellidos" id="19AA90E6-28B5-C38B-1EC8-CB4514F40020">
<createdBy>alvaro</createdBy>
<createdTime>2017-10-23 07:36:41 UTC</createdTime>
<ownerDesignName>horario-instituto</ownerDesignName>
<engineerTo>
<item key="0F981BFE-FD83-17ED-B2A5-85A02E56A2D8" value="true"/>
</engineerTo>
<nullsAllowed>true</nullsAllowed>
<use>0</use>
<ownDataTypeParameters>,,</ownDataTypeParameters>
</Attribute>
<Attribute name="dni" id="1D346EDD-C366-3E5A-263C-AB06C983C73C">
<createdBy>alvaro</createdBy>
<createdTime>2017-10-23 07:36:45 UTC</createdTime>
<ownerDesignName>horario-instituto</ownerDesignName>
<engineerTo>
<item key="0F981BFE-FD83-17ED-B2A5-85A02E56A2D8" value="true"/>
</engineerTo>
<nullsAllowed>true</nullsAllowed>
<use>0</use>
<ownDataTypeParameters>,,</ownDataTypeParameters>
</Attribute>
<Attribute name="ss" id="91DD59F5-F981-F4D0-4564-2B3B14C7E185">
<createdBy>alvaro</createdBy>
<createdTime>2017-10-23 07:37:11 UTC</createdTime>
<ownerDesignName>horario-instituto</ownerDesignName>
<engineerTo>
<item key="0F981BFE-FD83-17ED-B2A5-85A02E56A2D8" value="true"/>
</engineerTo>
<nullsAllowed>true</nullsAllowed>
<use>0</use>
<ownDataTypeParameters>,,</ownDataTypeParameters>
</Attribute>
<Attribute name="dirección" id="1F93EEF6-D8E4-3AE1-E675-56561B169AD9">
<createdBy>alvaro</createdBy>
<createdTime>2017-10-23 07:37:19 UTC</createdTime>
<ownerDesignName>horario-instituto</ownerDesignName>
<engineerTo>
<item key="0F981BFE-FD83-17ED-B2A5-85A02E56A2D8" value="true"/>
</engineerTo>
<nullsAllowed>true</nullsAllowed>
<use>0</use>
<ownDataTypeParameters>,,</ownDataTypeParameters>
</Attribute>
<Attribute name="teléfono" id="4238D192-9E83-7FBC-A54A-B93E5ED1BECF">
<createdBy>alvaro</createdBy>
<createdTime>2017-10-23 07:37:27 UTC</createdTime>
<ownerDesignName>horario-instituto</ownerDesignName>
<engineerTo>
<item key="0F981BFE-FD83-17ED-B2A5-85A02E56A2D8" value="true"/>
</engineerTo>
<nullsAllowed>true</nullsAllowed>
<use>0</use>
<ownDataTypeParameters>,,</ownDataTypeParameters>
</Attribute>
<Attribute name="email" id="0835AFFB-668C-5B16-60F7-9AE1DD846003">
<createdBy>alvaro</createdBy>
<createdTime>2017-10-23 07:37:43 UTC</createdTime>
<ownerDesignName>horario-instituto</ownerDesignName>
<engineerTo>
<item key="0F981BFE-FD83-17ED-B2A5-85A02E56A2D8" value="true"/>
</engineerTo>
<nullsAllowed>true</nullsAllowed>
<use>0</use>
<ownDataTypeParameters>,,</ownDataTypeParameters>
</Attribute>
<Attribute name="codigoprofesor" id="3E9E6D32-F9E8-101A-46E7-3FD2419189F5">
<createdBy>alvaro</createdBy>
<createdTime>2017-10-23 07:38:06 UTC</createdTime>
<ownerDesignName>horario-instituto</ownerDesignName>
<engineerTo>
<item key="0F981BFE-FD83-17ED-B2A5-85A02E56A2D8" value="true"/>
</engineerTo>
<use>0</use>
<ownDataTypeParameters>,,</ownDataTypeParameters>
</Attribute>
</attributes>
<identifiers itemClass="oracle.dbtools.crest.model.design.logical.CandidateKey">
<identifier id="B0F05B56-9C5B-76DE-1E98-2BA84047FCA5" name="Profesor PK">
<createdBy>alvaro</createdBy>
<createdTime>2017-10-23 07:38:11 UTC</createdTime>
<ownerDesignName>horario-instituto</ownerDesignName>
<engineerTo>
<item key="0F981BFE-FD83-17ED-B2A5-85A02E56A2D8" value="true"/>
</engineerTo>
<pk>true</pk>
<usedAttributes>
<attributeRef>3E9E6D32-F9E8-101A-46E7-3FD2419189F5</attributeRef>
</usedAttributes>
</identifier>
</identifiers>
</Entity>