<?xml version = '1.0' encoding = 'UTF-8'?>
<Entity class="oracle.dbtools.crest.model.design.logical.Entity" directorySegmentName="seg_0" id="A14D740C-62AD-6147-A61B-260CBBD7765B" name="OfertaAsignatura">
<createdBy>alvaro</createdBy>
<createdTime>2017-10-23 07:34:09 UTC</createdTime>
<ownerDesignName>horario-instituto</ownerDesignName>
<adequatelyNormalized>NO</adequatelyNormalized>
<expectedVolumes>0</expectedVolumes>
<fwdEngineeringStrategyName>Single Table</fwdEngineeringStrategyName>
<growthPercent>0</growthPercent>
<growthType>Year</growthType>
<maxVolumes>9999999</maxVolumes>
<minVolumes>0</minVolumes>
<normalForm>Third</normalForm>
<attributes itemClass="oracle.dbtools.crest.model.design.logical.Attribute">
<Attribute name="codigointernocentro" id="540AB851-8753-E90E-26BB-A92FBE408D48">
<createdBy>alvaro</createdBy>
<createdTime>2017-10-23 07:34:18 UTC</createdTime>
<ownerDesignName>horario-instituto</ownerDesignName>
<use>0</use>
<ownDataTypeParameters>,,</ownDataTypeParameters>
</Attribute>
<Attribute name="codigoeuropeo" id="9B3C74E3-250E-8173-FE4F-ED88966AD56B">
<createdBy>alvaro</createdBy>
<createdTime>2017-10-23 07:35:20 UTC</createdTime>
<generatorID>40C8D168-0DD2-5CC9-BC08-A5C544AD12BF</generatorID>
<ownerDesignName>horario-instituto</ownerDesignName>
<referedAttribute>EB655808-CED9-0D4A-98BD-C44158665584</referedAttribute>
<use>0</use>
<ownDataTypeParameters>,,</ownDataTypeParameters>
</Attribute>
<Attribute name="curso" id="1A4520D6-70F6-CB7A-FC84-D6AD78ADB00B">
<createdBy>alvaro</createdBy>
<createdTime>2017-10-23 07:45:33 UTC</createdTime>
<generatorID>4055C357-BF73-B04C-7FA2-3F8916CD7A8C</generatorID>
<ownerDesignName>horario-instituto</ownerDesignName>
<referedAttribute>7D360E4A-ED95-3112-C170-768A71F5B7FE</referedAttribute>
<use>0</use>
<ownDataTypeParameters>,,</ownDataTypeParameters>
</Attribute>
<Attribute name="codigooficialdecicloesteaño" id="667CFAD6-B249-B06C-692F-B56EAB8E6F34">
<createdBy>alvaro</createdBy>
<createdTime>2017-10-23 07:45:36 UTC</createdTime>
<generatorID>4055C357-BF73-B04C-7FA2-3F8916CD7A8C</generatorID>
<ownerDesignName>horario-instituto</ownerDesignName>
<referedAttribute>AA074F26-055F-D08C-A91B-38F4C2AB2E65</referedAttribute>
<use>0</use>
<ownDataTypeParameters>,,</ownDataTypeParameters>
</Attribute>
</attributes>
<identifiers itemClass="oracle.dbtools.crest.model.design.logical.CandidateKey">
<identifier id="81CC830C-B8E9-C456-2B59-316B39F75915" name="OfertaAsignatura PK">
<createdBy>alvaro</createdBy>
<createdTime>2017-10-23 07:34:24 UTC</createdTime>
<ownerDesignName>horario-instituto</ownerDesignName>
<pk>true</pk>
<usedAttributes>
<attributeRef>540AB851-8753-E90E-26BB-A92FBE408D48</attributeRef>
</usedAttributes>
</identifier>
</identifiers>
</Entity>